idalumno,dni_alumno,email_alumno,celular_alumno,apellido_alumno,nombre_alumno,direccion_alumno,fecha_nac,fk_idtutor_alumno,fk_idgenero_alumno,createdAt,updatedAt
1,5048374879140772,dhearns0@sun.com,4877644237,Hearns,Darb,4 Fulton Plaza,2006-11-26,1,3,2019-09-04,
2,5108752264892544,cwyke1@phpbb.com,8502856673,Wyke,Cherish,439 Gina Street,2003-08-22,2,3,2015-02-11,
3,5048378562081235,fpunshon2@tuttocitta.it,3173173185,Punshon,Ferdinand,2798 Karstens Road,2002-09-21,3,1,2015-08-05,
4,5048376818304906,ytasker3@amazon.co.uk,9753876869,Tasker,Yuma,31080 Graceland Drive,2005-05-24,4,1,2012-04-15,
5,5108750334153129,pcrumly4@cbsnews.com,3808095738,Crumly,Perrine,29814 Rutledge Pass,2009-07-22,5,3,2014-07-03,
6,5048379948505111,jpavolillo5@baidu.com,9839663985,Pavolillo,Jeramie,405 Mesta Pass,2009-06-19,6,2,2021-04-30,
7,5108753278316322,dpalethorpe6@home.pl,4694825069,Palethorpe,Dulcy,28551 Huxley Crossing,2005-08-12,7,2,2014-03-14,
8,5108751399552353,isharman7@yahoo.com,6497321925,Sharman,Ivie,44617 Lake View Avenue,2010-07-29,8,2,2016-04-12,
9,5048373529852679,nbehne8@sphinn.com,5955501131,Behne,Nonnah,98 Melody Lane,2007-09-15,9,1,2019-09-22,
10,5048371954842421,smolden9@plala.or.jp,4308438360,Molden,Stanly,7065 Mccormick Pass,2004-12-21,10,3,2013-10-04,
11,5108758103022318,loglethorpea@naver.com,4779149012,Oglethorpe,Laurella,6 Mosinee Plaza,2003-10-28,11,2,2016-07-20,2024-05-25
12,5048376316841219,acosteb@facebook.com,6705152568,Coste,Ardeen,83 West Parkway,2002-11-26,12,1,2016-09-20,2024-04-18
13,5108756272694180,ccoddingtonc@jugem.jp,4125792525,Coddington,Cristal,84 Longview Terrace,2001-03-14,13,2,2023-01-15,
14,5108757699884438,rskillicornd@digg.com,6075420667,Skillicorn,Rik,50 Artisan Way,2003-09-24,14,1,2015-03-03,
15,5108751810107571,smechice@virginia.edu,5283738154,Mechic,Sadella,599 Larry Circle,2001-02-24,15,1,2011-09-10,2024-04-11
16,5108750671253573,pboijf@macromedia.com,9636257558,Boij,Petronia,1170 Grasskamp Crossing,2002-08-01,16,2,2018-07-07,
17,5108755327737762,jbromptong@digg.com,6271163327,Brompton,Jimmy,41 Fremont Trail,2003-11-25,17,3,2012-01-10,
18,5108752546692431,lnevillh@google.nl,3433633161,Nevill,Lelia,44 Jenifer Place,2005-12-12,18,1,2021-05-02,
19,5048373575278548,ndulakei@so-net.ne.jp,2829561374,Dulake,Nedi,479 Mcguire Court,2007-08-05,19,3,2018-05-11,
20,5108753433713132,bmcdarmidj@nih.gov,8368923822,McDarmid,Barrett,98657 Truax Park,2001-12-06,20,1,2012-10-11,
21,5108751139604670,ltomkissk@dion.ne.jp,8218260838,Tomkiss,Lidia,38 School Terrace,2002-01-30,21,3,2016-07-14,
22,5108750665875308,morhtmannl@zimbio.com,2441871636,Orhtmann,Maridel,89449 East Way,2003-10-07,22,3,2011-08-30,
23,5048376690722316,aibbetsonm@pen.io,3761959841,Ibbetson,Adrian,8113 Acker Way,2003-02-23,23,1,2016-06-22,2024-04-13
24,5048370388583171,bbirkenshawn@marriott.com,7191051534,Birkenshaw,Belvia,5 Nevada Park,2004-01-26,24,1,2021-01-12,
25,5108751803353588,dbathowo@mlb.com,9005047527,Bathow,Dennie,6 Bartillon Circle,2005-02-07,25,3,2021-02-23,
26,5048379853704667,goosthoutdevreep@surveymonkey.com,3748053413,Oosthout de Vree,Grange,59202 Ridgeview Plaza,2003-06-27,26,3,2016-02-29,
27,5048377855194382,lcastagnaroq@ycombinator.com,3389622860,Castagnaro,Licha,12 Westport Drive,2006-12-11,27,1,2017-04-15,
28,5108757619438976,tkynforthr@chronoengine.com,1956168229,Kynforth,Torey,21735 Cardinal Way,2006-11-28,28,1,2021-10-16,
29,5048373611708268,jconnows@paypal.com,1362329946,Connow,Joann,140 Northfield Alley,2005-12-02,29,2,2013-02-27,
30,5048374956497202,ctodarit@webs.com,9316855760,Todari,Cull,181 Duke Hill,2006-12-25,30,1,2022-10-25,
31,5108751345447443,gbramontu@cyberchimps.com,6362178298,Bramont,Ginnifer,84307 Hazelcrest Place,2009-04-22,31,3,2012-09-28,
32,5108754727964050,osolwayv@ehow.com,8052421314,Solway,Othilie,092 Loeprich Park,2009-08-13,32,2,2014-06-22,
33,5108755341539012,jeburnew@ihg.com,2965947251,Eburne,Johnna,4838 Norway Maple Place,2003-07-19,33,1,2018-12-30,
34,5048377346887248,jpieperx@sakura.ne.jp,6244336996,Pieper,Jareb,75632 Meadow Ridge Drive,2005-02-19,34,3,2011-12-07,
35,5048377128193864,sruzicy@pagesperso-orange.fr,3458052700,Ruzic,Spike,13 Hollow Ridge Parkway,2009-09-29,35,2,2010-07-29,
36,5048379235910396,jchastandz@photobucket.com,3366155358,Chastand,Jennine,260 Grover Hill,2000-07-14,36,3,2016-04-02,
37,5108750510947328,jdeclercq10@oakley.com,1588442742,de Clercq,Jessey,7 Ridgeview Place,2010-04-20,37,1,2020-06-13,
38,5048379230033616,lneilan11@mozilla.com,7981832426,Neilan,Lori,8 Crownhardt Alley,2000-10-05,38,1,2012-12-20,2024-06-04
39,5048378075832488,mcadden12@ask.com,2649283183,Cadden,Marylou,0441 Shasta Point,2003-06-26,39,3,2017-07-13,
40,5108754539460503,bstrethill13@arstechnica.com,9025599811,Strethill,Buckie,91 Londonderry Road,2002-02-10,40,3,2018-02-05,
41,5108754393017449,eatley14@timesonline.co.uk,7025491394,Atley,Edithe,3146 Northland Way,2004-12-10,41,1,2022-08-03,
42,5108757164112968,mstratz15@sourceforge.net,4138329028,Stratz,Maxy,900 Katie Way,2001-06-10,42,3,2018-12-31,
43,5048372888900772,smichael16@artisteer.com,4403215292,Michael,Stefania,09421 Stephen Alley,2002-10-11,43,2,2015-06-08,
44,5108754098587407,udressel17@linkedin.com,7653964714,Dressel,Ulrich,97519 Packers Parkway,2008-09-29,44,2,2014-02-12,
45,5108756056317966,dmelton18@merriam-webster.com,9187692347,Melton,Demetre,9357 Nova Crossing,2002-02-16,45,3,2015-05-04,
46,5048374525955250,fleithharvey19@networkadvertising.org,4737239074,Leith-Harvey,Flemming,2 Steensland Place,2007-07-22,46,3,2018-09-19,2024-05-06
47,5048377549768765,btewkesbury1a@cafepress.com,1587584595,Tewkesbury,Burr,4361 Dapin Point,2004-06-05,47,3,2015-10-16,
48,5048377129708744,rgiampietro1b@weibo.com,4258821800,Giampietro,Reggy,00700 Butternut Avenue,2002-12-14,48,2,2013-10-19,
49,5108750926012709,emacrorie1c@vinaora.com,5245780185,MacRorie,Earlie,66670 Redwing Crossing,2010-02-07,49,1,2014-08-02,
50,5108751640444111,gmckelvie1d@yandex.ru,7484282337,McKelvie,Guilbert,4228 Macpherson Junction,2000-04-04,50,2,2018-08-20,2024-05-04
51,5048378818226816,tjakubovsky1e@edublogs.org,3022112834,Jakubovsky,Tadeas,1516 Graedel Place,2004-07-10,51,1,2020-02-03,2024-03-13
52,5108758689732694,mapple1f@abc.net.au,5622100187,Apple,Melodee,2 Del Mar Junction,2009-01-02,52,2,2015-01-31,2024-01-30
53,5108757968998414,brobelow1g@admin.ch,9511589941,Robelow,Bord,654 Manley Way,2002-08-10,53,1,2015-03-02,
54,5108757875110863,mjacmard1h@pinterest.com,8247881498,Jacmard,Miran,4 Dakota Terrace,2003-07-03,54,3,2011-07-27,
55,5048374435180742,mlorinez1i@patch.com,3663890838,Lorinez,Merna,4806 Hazelcrest Point,2008-07-16,55,3,2012-09-11,
56,5048375141140581,cplomer1j@pcworld.com,2364102083,Plomer,Candy,09 Oneill Street,2009-04-16,56,3,2010-07-13,
57,5048376201543672,sstoad1k@typepad.com,1128830289,Stoad,Shea,8 Norway Maple Crossing,2006-05-17,57,2,2016-03-03,
58,5048372402632851,edineges1l@kickstarter.com,2257734271,Dineges,Elladine,8571 Hooker Pass,2001-09-29,58,1,2021-12-13,
59,5108753160915819,jcrippell1m@walmart.com,3788565147,Crippell,Jemmie,753 Sauthoff Road,2009-06-14,59,1,2014-06-05,
60,5108756345282252,bgian1n@msn.com,2496109377,Gian,Benedicta,09364 Fremont Plaza,2005-01-16,60,2,2022-01-12,
61,5048375545253956,echandler1o@cafepress.com,3817624597,Chandler,Esdras,8054 Surrey Alley,2007-06-28,61,1,2015-12-09,
62,5108750256526104,palbrecht1p@arstechnica.com,1742536047,Albrecht,Petr,428 Florence Street,2010-04-15,62,3,2011-12-12,2024-05-08
63,5048374155940440,pmahoney1q@biglobe.ne.jp,2318938926,Mahoney,Paquito,55179 Crownhardt Street,2007-12-29,63,3,2017-06-21,2024-02-14
64,5108754715038446,vbaselio1r@bing.com,3953806182,Baselio,Verge,72277 Steensland Lane,2009-05-03,64,3,2010-09-10,
65,5048375234785623,cridsdole1s@si.edu,3605026926,Ridsdole,Cristine,3 Eagle Crest Plaza,2010-10-19,65,3,2015-12-18,
66,5048371469912024,roughtright1t@oaic.gov.au,9996369482,Oughtright,Randall,42277 Nova Plaza,2004-07-29,66,3,2013-02-21,
67,5108751786668499,pfodden1u@netscape.com,5712321612,Fodden,Pauly,3 Gerald Plaza,2006-08-03,67,3,2014-11-15,
68,5108755265609411,roldershaw1v@goodreads.com,6293068558,Oldershaw,Rolph,624 Blackbird Circle,2008-07-09,68,2,2019-08-12,
69,5108757811645824,ezaple1w@blogtalkradio.com,9145014199,Zaple,Esmaria,6 Michigan Avenue,2007-07-20,69,1,2015-12-04,
70,5048374467118081,dkobke1x@wordpress.org,3827136666,Kobke,Dare,931 Hanover Pass,2002-05-29,70,1,2018-07-19,
71,5048370102288115,jhazzard1y@salon.com,4147270562,Hazzard,Jonell,2 Everett Circle,2004-03-09,71,1,2020-06-12,
72,5048371737063899,jyeardley1z@stumbleupon.com,4024905217,Yeardley,Jennee,34194 Clyde Gallagher Crossing,2004-08-23,72,2,2016-08-18,
73,5108759296997027,slendrem20@clickbank.net,2912743750,Lendrem,Shirley,6 Farmco Park,2008-10-29,73,1,2014-02-24,
74,5048371013058654,rmatthius21@qq.com,7246874130,Matthius,Raychel,62458 Washington Court,2007-04-14,74,3,2012-12-23,
75,5048379267041011,lliversley22@naver.com,3208540034,Liversley,Leeanne,7 Rowland Pass,2009-02-08,75,2,2012-04-30,
76,5108756005968836,jfylan23@ucsd.edu,4346002703,Fylan,Jillie,97 Dakota Parkway,2005-03-18,76,2,2015-10-22,
77,5048375238460280,jhanne24@bbb.org,7072284465,Hanne,Julienne,10 Crest Line Junction,2001-10-24,77,3,2012-03-14,
78,5108753913224154,djennick25@icq.com,7957004194,Jennick,Diane-marie,12 Macpherson Hill,2009-03-10,78,1,2020-08-10,
79,5048370074742214,acoen26@addthis.com,6226031215,Coen,Algernon,58 Pond Circle,2007-03-24,79,1,2023-05-16,
80,5108756341143334,barzu27@e-recht24.de,7824235529,Arzu,Berte,6 Texas Plaza,2010-10-27,80,1,2020-03-04,
81,5108756334239685,sphythean28@nsw.gov.au,9763134984,Phythean,Salvatore,07601 Manley Park,2005-09-18,81,3,2015-08-19,
82,5048375479937202,kskeates29@goo.gl,6614513820,Skeates,Kelley,2945 Walton Plaza,2006-11-11,82,1,2018-02-15,
83,5108752340173422,dtrinke2a@princeton.edu,5722919256,Trinke,Dore,0700 Bunting Parkway,2001-01-12,83,2,2012-11-15,2024-04-15
84,5048377380059993,pbutson2b@163.com,2021396190,Butson,Parsifal,1889 Clyde Gallagher Center,2000-09-21,84,2,2011-07-23,
85,5108755504118166,lvlies2c@smh.com.au,9903854997,Vlies,Lavinia,8 Merrick Drive,2003-04-15,85,1,2022-08-14,
86,5108754545631824,gsaywood2d@google.cn,8583458001,Saywood,Gar,1689 Southridge Park,2006-05-23,86,2,2019-09-30,
87,5108758549757527,jbecaris2e@umn.edu,1465828061,Becaris,Jack,0 Warbler Lane,2002-11-06,87,3,2019-02-03,
88,5048372113084236,lmckain2f@amazonaws.com,7089760315,McKain,Lemmie,61340 Longview Terrace,2010-08-11,88,3,2023-09-11,2024-06-03
89,5048372782833335,abrockherst2g@tumblr.com,1872417838,Brockherst,Antony,57 Barby Alley,2007-07-03,89,2,2023-05-18,
90,5048374793769763,cmortell2h@latimes.com,7933603522,Mortell,Car,84 Birchwood Avenue,2005-12-02,90,1,2019-07-22,2024-04-15
91,5108753292894981,cstuart2i@imgur.com,3317508446,Stuart,Cairistiona,0922 Summer Ridge Park,2001-10-25,91,3,2015-12-23,
92,5048371147865156,pbend2j@wsj.com,8011422070,Bend,Paulo,25499 Vernon Plaza,2001-12-30,92,1,2013-03-13,2024-05-12
93,5108756203276297,sphilipart2k@chronoengine.com,9529695726,Philipart,Selena,833 Sunbrook Park,2003-11-21,93,2,2010-12-27,
94,5108755209488690,vprester2l@unesco.org,2847548676,Prester,Verile,38714 Darwin Way,2002-08-24,94,2,2018-02-12,
95,5048377363344628,hcromack2m@mtv.com,9753813902,Cromack,Hilliard,629 Barnett Court,2008-03-02,95,1,2020-10-04,
96,5048375073103789,jjuleff2n@4shared.com,6132908479,Juleff,Justinn,849 Barnett Lane,2010-01-23,96,3,2014-05-31,
97,5048379254623938,tboyle2o@jigsy.com,7229069010,Boyle,Tomlin,2629 Mcguire Plaza,2008-08-31,97,1,2015-01-15,
98,5108754568360525,asibson2p@arstechnica.com,6457299694,Sibson,Alia,4145 Mifflin Parkway,2002-06-04,98,1,2022-05-09,
99,5048372300372022,awoolrich2q@miibeian.gov.cn,8394326922,Woolrich,Adey,80 Blue Bill Park Trail,2003-03-25,99,3,2014-11-09,2024-04-16
100,5108752137289225,obutland2r@archive.org,2251254054,Butland,Octavius,09313 Maple Wood Avenue,2007-07-03,100,2,2011-05-31,2024-02-27
101,5108755713510500,tclausenthue2s@com.com,5426220643,Clausen-Thue,Tedra,44 Northwestern Road,2001-09-17,101,2,2019-01-30,
102,5108752242849079,apetrolli2t@jimdo.com,2788132080,Petrolli,Arlin,6 Sachtjen Plaza,2001-11-17,102,2,2019-11-25,
103,5048377153749903,wevins2u@dion.ne.jp,5247461064,Evins,Windy,7 Bultman Way,2004-10-01,103,2,2019-02-02,
104,5108757496936985,wkirsch2v@buzzfeed.com,6934317325,Kirsch,Walsh,380 Del Sol Park,2006-06-27,104,3,2019-02-27,
105,5048374882492988,breame2w@weibo.com,4886802474,Reame,Broderick,547 Kings Point,2000-04-13,105,3,2022-02-02,
106,5108753544669827,bridoutt2x@zdnet.com,1951692951,Ridoutt,Brittni,082 Mandrake Center,2007-03-17,106,3,2016-12-27,
107,5108759682623799,scasado2y@cyberchimps.com,5342552812,Casado,Sherrie,260 Hallows Trail,2010-09-23,107,1,2020-02-15,
108,5048372300832587,mcusiter2z@twitter.com,4575630243,Cusiter,Mackenzie,5 Fallview Hill,2009-02-24,108,1,2022-07-22,
109,5108757769560694,egiovani30@networksolutions.com,3768754211,Giovani,Egor,7240 Memorial Court,2009-03-31,109,2,2017-08-24,
110,5108750320424062,mdenman31@bigcartel.com,7314371169,Denman,Mellisa,03 Donald Drive,2005-01-24,110,1,2010-07-02,
111,5048378610030630,umilliere32@chicagotribune.com,2171581782,Milliere,Ulrica,8451 Heffernan Parkway,2001-07-14,111,1,2018-09-05,
112,5108755484077903,wupex33@1688.com,9478092897,Upex,Webster,040 Claremont Street,2003-03-18,112,3,2012-12-02,
113,5048378386225208,tbellwood34@disqus.com,5745544894,Bellwood,Tallia,4888 Algoma Trail,2008-06-02,113,2,2013-02-08,
114,5108754574039485,rpady35@cmu.edu,9017476400,Pady,Rorke,7179 5th Terrace,2008-08-17,114,3,2014-05-05,
115,5108754992156549,fgrimsdale36@youtube.com,6708690635,Grimsdale,Fields,16342 Lakeland Road,2006-12-09,115,2,2015-09-08,
116,5108753512620703,mcutteridge37@github.com,8174481679,Cutteridge,Marylee,5628 Union Alley,2003-01-06,116,2,2016-07-25,
117,5108755268131579,gfriday38@army.mil,6022310575,Friday,Gawen,16 Cardinal Trail,2007-07-22,117,1,2012-12-12,
118,5108759015430672,tpickhaver39@github.io,3851345534,Pickhaver,Tam,79982 Schlimgen Parkway,2001-10-10,118,1,2023-11-06,
119,5048371807575814,lgentzsch3a@hibu.com,2717221184,Gentzsch,Leopold,4 Loftsgordon Park,2001-04-16,119,1,2020-03-21,
120,5048373612755334,gmcharry3b@devhub.com,2585393628,McHarry,Gina,58 Valley Edge Parkway,2006-03-08,120,1,2020-03-07,
121,5108750489953828,asibun3c@people.com.cn,6844127145,Sibun,Anthea,51686 Banding Drive,2005-08-19,121,2,2022-04-11,
122,5048373643883840,bcaldwell3d@vimeo.com,1393964244,Caldwell,Brinn,07272 Lawn Junction,2000-10-14,122,1,2011-09-26,
123,5108750809715386,rbaxandall3e@census.gov,9744637707,Baxandall,Renaud,11 Truax Avenue,2000-10-20,123,3,2013-05-03,
124,5108750607529476,bjakubovicz3f@geocities.jp,1368000101,Jakubovicz,Bea,1979 Brickson Park Crossing,2004-08-07,124,1,2020-02-26,
125,5108757484867739,cheberden3g@stanford.edu,6205373729,Heberden,Chrotoem,6 Comanche Hill,2008-09-21,125,3,2018-12-01,
126,5108753768009486,ftoombes3h@amazon.co.uk,9746421306,Toombes,Fidelio,9959 Northland Terrace,2003-01-20,126,3,2023-09-12,2024-05-24
127,5108759855712700,sdriussi3i@si.edu,9558562224,Driussi,Susi,356 Mayfield Point,2007-05-16,127,3,2018-05-10,
128,5108755828032580,sstenson3j@statcounter.com,9604140845,Stenson,Serena,38596 Mcbride Junction,2009-12-25,128,2,2011-01-11,2024-01-23
129,5048371245338072,lrendbaek3k@cbc.ca,7059304800,Rendbaek,Libbey,20 Pankratz Trail,2003-09-19,129,2,2022-02-16,
130,5048372218585376,vfockes3l@deviantart.com,9762260228,Fockes,Vevay,5837 Onsgard Circle,2006-04-02,130,3,2016-01-14,2024-03-04
131,5108753000894109,kstuttard3m@vimeo.com,7699711070,Stuttard,Kayley,749 Comanche Trail,2009-06-13,131,3,2011-07-13,2024-02-29
132,5048373490564063,modoherty3n@columbia.edu,4157543877,O'Doherty,Mattie,9151 Myrtle Plaza,2000-03-15,132,2,2019-09-24,
133,5048370701187221,mespinel3o@paypal.com,3129689463,Espinel,Malina,63 Debra Pass,2009-07-19,133,1,2011-03-03,
134,5048378608145630,ulaverty3p@weebly.com,2309118344,Laverty,Ursula,456 Aberg Place,2004-12-10,134,3,2016-04-08,
135,5108758833927927,qallan3q@prnewswire.com,7297382469,Allan,Quincy,31 Bayside Plaza,2002-09-26,135,3,2014-11-09,
136,5048379098385082,jpaske3r@japanpost.jp,2859585562,Paske,Joleen,5 Shopko Terrace,2006-11-19,136,2,2014-06-22,
137,5108752566486714,smcgilvray3s@paypal.com,7198972833,McGilvray,Shea,795 Trailsway Hill,2002-10-18,137,1,2017-01-04,
138,5108753526736867,wgolling3t@usda.gov,4929757069,Golling,Ward,20 Westerfield Junction,2010-06-03,138,2,2023-11-29,
139,5048373393670850,tgrigoire3u@myspace.com,4152751911,Grigoire,Thayne,6710 Nobel Avenue,2003-08-26,139,1,2012-03-12,
140,5048379737004367,uhowtopreserve3v@google.fr,5036225656,How to preserve,Ulrica,693 Dixon Street,2005-04-10,140,3,2016-09-13,
141,5108759626696646,rlaugheran3w@123-reg.co.uk,6032093484,Laugheran,Rogerio,265 Thompson Circle,2009-12-18,141,1,2014-11-05,
142,5108756321365311,klorrain3x@berkeley.edu,1471948855,Lorrain,Katrinka,9 Magdeline Trail,2005-02-13,142,3,2014-11-23,
143,5048375156269119,cschofield3y@furl.net,2107002809,Schofield,Charity,7 Westridge Junction,2009-05-29,143,1,2018-08-06,
144,5048376424662739,tlahy3z@abc.net.au,8376087646,Lahy,Tara,32 Nancy Pass,2005-05-16,144,2,2017-12-31,
145,5108755875543778,gpepperill40@addtoany.com,5618675602,Pepperill,Gale,944 Macpherson Parkway,2007-08-01,145,1,2014-05-29,
146,5048376822336902,bcalderon41@reference.com,9477392749,Calderon,Barnard,775 Bunker Hill Way,2000-03-08,146,3,2023-01-20,
147,5108756107839877,rscrowston42@blogger.com,8375499500,Scrowston,Rockey,1 Hayes Street,2001-07-18,147,3,2021-07-03,
148,5048372231222692,sstonall43@ifeng.com,4949847925,Stonall,Shirleen,0121 Kennedy Drive,2002-09-05,148,3,2022-12-06,
149,5048379398597519,domailey44@admin.ch,1981489789,O'Mailey,Dwain,58922 Spaight Alley,2009-12-05,149,2,2019-09-02,
150,5108752384970105,pbilson45@is.gd,3989335467,Bilson,Perry,51 South Drive,2002-09-26,150,1,2011-07-01,
151,5048376960028055,ddavys46@trellian.com,9352562491,Davys,Darn,421 Ryan Plaza,2006-04-15,151,1,2020-09-05,
152,5048379344920781,rbrehaut47@nih.gov,7465243880,Brehaut,Rudie,5 Sycamore Hill,2001-11-21,152,1,2014-06-11,2024-05-08
153,5108753507761165,fmalloch48@sourceforge.net,2019543459,Malloch,Fawn,87 Menomonie Plaza,2001-11-15,153,1,2021-09-30,
154,5048379846124197,asharpling49@webeden.co.uk,8083912715,Sharpling,Alvy,77 Drewry Avenue,2007-11-10,154,3,2017-05-15,
155,5108756618222472,jrosenbusch4a@bing.com,9512547908,Rosenbusch,Jorry,8 Iowa Place,2005-07-31,155,2,2017-12-12,
156,5048379511750730,eshrimplin4b@apache.org,2807400985,Shrimplin,Elizabet,0110 Susan Pass,2006-12-07,156,1,2018-02-17,
157,5108758002325804,dthurley4c@amazon.com,5045738806,Thurley,Drugi,717 David Trail,2004-09-05,157,2,2012-07-05,
158,5048377038314196,kpiola4d@utexas.edu,7637336269,Piola,Kellia,715 Di Loreto Trail,2003-04-29,158,2,2021-12-24,2024-05-21
159,5108755429383523,ahulance4e@posterous.com,6255155550,Hulance,Ashely,54634 Hazelcrest Plaza,2003-07-04,159,3,2021-09-25,
160,5048376882087726,thouse4f@opera.com,8369518791,House,Tiebold,6 Harper Crossing,2002-12-09,160,3,2023-08-03,
161,5108753856365410,tgiddens4g@baidu.com,3763977815,Giddens,Tabbatha,1 Manufacturers Center,2003-01-31,161,1,2022-09-02,
162,5108752528756006,jspyer4h@statcounter.com,1705339486,Spyer,Jenni,5 Bashford Place,2000-02-22,162,2,2014-08-31,
163,5048378649730515,arentoll4i@sina.com.cn,9546857216,Rentoll,Annabella,64 Hintze Point,2006-06-03,163,3,2010-08-11,
164,5108753326795212,jextal4j@senate.gov,8724584271,Extal,Jenifer,271 Service Avenue,2006-01-17,164,2,2015-02-02,
165,5108752501457770,cwilkennson4k@ca.gov,8048492454,Wilkennson,Carline,16720 Del Mar Point,2002-01-01,165,3,2015-10-08,
166,5048375574032438,wesmond4l@youtube.com,7913334473,Esmond,Winslow,496 Forster Crossing,2010-07-22,166,2,2015-10-01,
167,5108754354918296,cbriskey4m@list-manage.com,3582325109,Briskey,Cyrillus,36 Superior Road,2010-06-05,167,2,2016-11-25,
168,5048371386193724,mpull4n@de.vu,4418427883,Pull,Mikkel,79 Hanover Circle,2006-11-19,168,2,2015-04-05,
169,5108751031552548,blawler4o@yellowpages.com,9928060848,Lawler,Brandice,9 Nancy Terrace,2005-10-14,169,1,2023-07-05,
170,5108751986158846,ymachon4p@rambler.ru,5355485495,Machon,Yulma,05443 Stephen Street,2002-05-21,170,3,2017-10-30,
171,5048376967691558,ksempill4q@slashdot.org,3229858270,Sempill,Kane,37823 Hermina Parkway,2007-10-27,171,2,2018-04-08,
172,5048375242289246,skeable4r@eepurl.com,6871951737,Keable,Salaidh,646 Trailsway Road,2008-05-04,172,3,2016-05-31,
173,5048371487276626,jmartignon4s@ustream.tv,2671875938,Martignon,Jamil,4 Maple Wood Point,2008-11-29,173,1,2021-08-27,
174,5108756433939896,rutley4t@cbsnews.com,9937955432,Utley,Rhoda,5948 Commercial Way,2010-12-11,174,2,2023-06-04,
175,5108754412505101,njinda4u@dailymotion.com,1423990464,Jinda,Nert,4 Manley Center,2010-08-11,175,3,2013-06-14,
176,5108750355788118,lradley4v@buzzfeed.com,9628201688,Radley,Lindsey,32616 Utah Parkway,2002-03-19,176,3,2023-11-12,
177,5048376875834118,rpotteril4w@goo.ne.jp,5225448699,Potteril,Rheba,49 Montana Trail,2004-02-29,177,1,2012-06-23,
178,5108757935048046,mmattocks4x@weibo.com,2464370139,Mattocks,Miquela,71762 Toban Hill,2010-03-01,178,1,2016-01-19,
179,5048377921832569,agoodsall4y@exblog.jp,9605072866,Goodsall,Anica,6 Maywood Hill,2001-10-18,179,3,2022-04-28,
180,5048378666489037,gbrokenshire4z@squidoo.com,9695862377,Brokenshire,Griffie,2383 Di Loreto Court,2006-09-29,180,3,2019-10-15,
181,5048379914301057,jgoranov50@webs.com,6009559508,Goranov,Jacinda,1561 Prairie Rose Street,2004-02-13,181,2,2021-07-13,
182,5108759387223960,gstileman51@nationalgeographic.com,6252484256,Stileman,Gaultiero,3 Westend Alley,2007-09-07,182,2,2012-04-24,
183,5108753220591600,rsowood52@oakley.com,6723305739,Sowood,Reuven,2 Hazelcrest Trail,2008-06-18,183,3,2015-02-17,
184,5048371226919015,gpobjoy53@mlb.com,2305159142,Pobjoy,George,616 1st Parkway,2008-05-31,184,3,2013-12-15,
185,5048372005976580,csalvadore54@printfriendly.com,3647062672,Salvadore,Caitrin,5 Charing Cross Road,2004-02-11,185,3,2016-01-01,
186,5048371920388657,adraper55@wufoo.com,9239122765,Draper,Ari,00301 Randy Crossing,2002-11-22,186,2,2014-07-01,
187,5048375113988587,pswannick56@chron.com,4432747372,Swannick,Philly,628 Bashford Plaza,2001-02-16,187,1,2019-05-01,
188,5048372299775409,lrosenfeld57@webnode.com,4163589796,Rosenfeld,Lanita,79 Derek Terrace,2002-08-10,188,3,2012-12-30,
189,5108756616679392,ebangley58@earthlink.net,8538559986,Bangley,Eydie,95241 Valley Edge Place,2006-03-28,189,3,2020-07-03,
190,5048372844390605,swoollaston59@infoseek.co.jp,3563949689,Woollaston,Sammy,40193 Monument Road,2009-02-19,190,3,2020-06-14,
191,5108753098530946,lbellchamber5a@ameblo.jp,5629764721,Bellchamber,Leodora,131 Schiller Junction,2005-07-27,191,1,2020-12-17,
192,5108759823390563,jstrivens5b@about.me,1683408175,Strivens,Jesselyn,7070 Grasskamp Alley,2006-06-22,192,3,2016-07-23,
193,5048375370501016,codunneen5c@cornell.edu,8401521093,O'Dunneen,Carolee,1 Hintze Circle,2005-05-18,193,3,2017-08-26,
194,5048375620967827,cpitblado5d@google.com.hk,1018199752,Pitblado,Cicely,68349 Graedel Street,2003-05-07,194,1,2013-01-05,
195,5048370454849498,npydcock5e@quantcast.com,6152582011,Pydcock,Noble,902 Summerview Parkway,2009-03-27,195,3,2021-01-08,
196,5048378157303291,rchasson5f@apache.org,5182011932,Chasson,Rebekah,9 Bay Parkway,2003-04-16,196,2,2014-04-05,
197,5108753379898392,ssommerly5g@ox.ac.uk,2772460615,Sommerly,Stephanie,003 Alpine Pass,2008-04-08,197,2,2012-03-09,
198,5108754663350603,gburtwhistle5h@acquirethisname.com,2735737873,Burtwhistle,Genovera,27846 5th Way,2007-04-11,198,3,2014-08-27,
199,5108756119523675,jtrethowan5i@storify.com,6069638774,Trethowan,Jim,50781 Burning Wood Way,2005-09-06,199,2,2021-08-30,
200,5048370913721254,dcalderwood5j@thetimes.co.uk,9725847823,Calderwood,Drugi,65469 Maple Wood Road,2004-11-08,200,1,2014-08-19,
201,5108750958789810,mmccarry5k@huffingtonpost.com,1518081480,McCarry,Marcellina,0341 Mallard Alley,2001-02-05,201,1,2014-01-13,2024-03-16
202,5108759621589556,bpardew5l@example.com,5634691499,Pardew,Bond,50 Corben Drive,2007-04-16,202,1,2016-03-13,
203,5048370373737717,tvicary5m@whitehouse.gov,7139103868,Vicary,Tiena,14 Hauk Court,2000-07-30,203,1,2014-08-12,2024-03-11
204,5108759356194960,cfancutt5n@washington.edu,5793212636,Fancutt,Christopher,27466 Sundown Lane,2001-10-31,204,2,2019-12-12,
205,5048376111734148,cthiese5o@trellian.com,7355786218,Thiese,Charlot,00043 International Plaza,2007-09-06,205,1,2019-04-09,
206,5108757060391286,rclynmans5p@etsy.com,9515587791,Clynmans,Rosanne,120 Morrow Plaza,2008-11-25,206,3,2013-05-27,
207,5048374669564975,kcervantes5q@netlog.com,2459752355,Cervantes,Keven,04 Linden Lane,2000-08-24,207,1,2020-11-26,
208,5108752686386737,cbradnock5r@amazon.co.uk,3468157210,Bradnock,Clement,69997 Dottie Drive,2001-03-25,208,3,2021-11-02,
209,5108759062970661,lmahon5s@admin.ch,1067617273,Mahon,Lonnie,84 Grim Street,2005-01-05,209,2,2021-01-27,
210,5108751257897114,alaxe5t@sourceforge.net,1682632984,Laxe,Ave,63912 Lindbergh Avenue,2002-03-29,210,2,2011-05-28,
211,5048373034726582,mcollister5u@kickstarter.com,7585417537,Collister,Mallory,0 Maple Point,2010-10-10,211,1,2018-06-17,
212,5048377933912672,smayhow5v@google.co.uk,3111243495,Mayhow,Solomon,371 Hanover Street,2004-01-30,212,3,2020-05-25,
213,5108754423078411,kmorilla5w@clickbank.net,1754997285,Morilla,Korey,491 Mccormick Center,2001-09-02,213,1,2017-01-14,
214,5048374234011585,acapner5x@dailymail.co.uk,8679328903,Capner,Angelle,0008 Lien Place,2007-09-13,214,3,2023-11-11,
215,5108759271430614,jblasgen5y@auda.org.au,7597198377,Blasgen,Janaya,1798 Schlimgen Hill,2001-06-07,215,1,2023-12-13,
216,5048373960738197,rjoss5z@rediff.com,7156093364,Joss,Rennie,5059 Reinke Plaza,2003-07-24,216,2,2019-01-01,
217,5048371753322591,acollimore60@nasa.gov,1556183954,Collimore,Alberik,563 Morning Way,2006-08-01,217,1,2012-08-09,
218,5108759931794995,ajoselin61@oracle.com,4437819758,Joselin,Anderea,11734 Dayton Trail,2003-08-04,218,2,2019-06-08,
219,5108758576727369,dbartolomeu62@ask.com,5667062535,Bartolomeu,Dorelia,00924 Pearson Hill,2005-09-29,219,2,2012-10-02,
220,5048374314775695,nstockings63@addtoany.com,6358177934,Stockings,Natalee,48 Twin Pines Terrace,2008-06-21,220,1,2017-04-27,2024-02-06
221,5048371120455660,mgartland64@reverbnation.com,1121150731,Gartland,Malina,99393 Toban Alley,2005-03-23,221,2,2012-02-27,2024-02-04
222,5108755456405926,dadamczyk65@indiatimes.com,5241903805,Adamczyk,Denny,73 Eggendart Hill,2003-06-14,222,3,2019-07-06,
223,5048376170376823,rfeldfisher66@dedecms.com,1906286809,Feldfisher,Rosanna,613 Memorial Park,2005-04-13,223,3,2013-08-14,
224,5108758945554635,mhullah67@nature.com,5732943114,Hullah,Merrel,9 Mockingbird Drive,2007-07-13,224,3,2014-02-08,
225,5108755489962950,vmacleod68@reddit.com,2129673979,MacLeod,Vanny,54185 Buhler Drive,2008-03-02,225,2,2017-01-01,2024-04-27
226,5108752783864545,jkendred69@a8.net,1093285087,Kendred,Jo-ann,1181 Sutteridge Pass,2003-03-25,226,1,2020-11-30,2024-01-30
227,5048377484576132,cmundee6a@comcast.net,8102250321,Mundee,Colly,5 Knutson Circle,2002-03-23,227,3,2018-04-02,
228,5048379426268315,ogauvin6b@booking.com,5842858647,Gauvin,Oliver,34806 Basil Park,2000-01-14,228,1,2014-05-05,
229,5048372484196437,fhealings6c@instagram.com,1747024175,Healings,Franky,6948 Corben Hill,2009-06-30,229,2,2016-12-02,
230,5108750077628550,ahaddleston6d@engadget.com,8914383495,Haddleston,Aggi,3 Westend Court,2001-08-16,230,1,2011-01-09,
231,5108754147807772,mwarkup6e@yelp.com,3324559374,Warkup,Moselle,8 Northridge Way,2010-12-27,231,1,2023-08-13,
232,5108758355229702,acamble6f@sphinn.com,4599109202,Camble,Arlinda,07403 Spohn Center,2007-08-19,232,3,2020-12-26,
233,5108755376589692,acutchee6g@printfriendly.com,9417159014,Cutchee,Amelie,77928 Oak Drive,2009-04-03,233,1,2017-06-14,
234,5048370992380477,carnholtz6h@vk.com,5442416185,Arnholtz,Cara,1159 Burrows Park,2008-02-21,234,1,2017-04-06,
235,5108756965459917,mmcdoual6i@go.com,5514965800,McDoual,Merv,1575 Drewry Junction,2008-11-16,235,3,2019-01-27,
236,5048371579980515,elapslie6j@wikimedia.org,3833600325,Lapslie,Elyssa,9623 Banding Circle,2004-05-23,236,2,2013-10-06,
237,5108756433490866,tkalf6k@bandcamp.com,4755127292,Kalf,Trumaine,14760 Kim Way,2001-03-28,237,3,2014-11-20,
238,5048370113407076,wneeve6l@linkedin.com,9682567463,Neeve,Wald,889 Texas Parkway,2009-02-27,238,3,2015-10-13,
239,5048374321761480,tfigure6m@newsvine.com,5539635987,Figure,Tedda,93 Eastlawn Parkway,2006-07-07,239,2,2019-10-06,2024-04-13
240,5108750419012752,mblazevic6n@yandex.ru,9384566623,Blazevic,Michaeline,8080 Fieldstone Place,2008-02-23,240,3,2017-08-14,2024-03-10
241,5108755229947196,spaladino6o@myspace.com,8842967182,Paladino,Spencer,55658 Porter Circle,2006-01-16,241,1,2010-06-11,
242,5048373257863161,jcayet6p@hc360.com,8063086038,Cayet,Jonathon,6924 Ludington Junction,2006-12-26,242,1,2012-04-10,
243,5108757600093319,rpetto6q@edublogs.org,5885316403,Petto,Russ,0187 Carioca Plaza,2006-08-28,243,3,2023-02-20,
244,5048377296202638,jzmitrovich6r@bing.com,3932728484,Zmitrovich,Jabez,594 Thompson Point,2008-01-04,244,1,2015-12-27,
245,5048378386247301,pcheetham6s@artisteer.com,3866294702,Cheetham,Padriac,158 Alpine Alley,2006-05-19,245,1,2022-12-23,
246,5048370545388977,neltone6t@cdc.gov,8723971048,Eltone,Nan,49170 Manley Avenue,2002-02-10,246,1,2015-09-13,2024-03-11
247,5108753093209041,dplunkett6u@cdbaby.com,2692244515,Plunkett,Deane,20787 Grim Plaza,2002-10-12,247,1,2021-01-06,
248,5048371186100069,jkubelka6v@washington.edu,9832956711,Kubelka,Joshia,223 Grasskamp Street,2003-01-12,248,3,2019-01-02,
249,5048377939334426,ggolby6w@ow.ly,4848841092,Golby,Garrot,93527 Vernon Hill,2005-01-04,249,3,2018-06-14,
250,5048376445913905,vaylett6x@soup.io,9134851341,Aylett,Valentia,631 Lukken Hill,2002-03-29,250,2,2019-09-29,
251,5108758288740650,bwallbanks6y@chronoengine.com,8514812510,Wallbanks,Brenna,8783 Scott Crossing,2009-03-22,251,1,2023-06-25,2024-05-11
252,5108757514602213,ebarbisch6z@tiny.cc,3251169331,Barbisch,Edin,53309 Kingsford Street,2002-11-13,252,1,2020-08-30,
253,5048372245317264,flippiett70@alexa.com,7561786634,Lippiett,Freeland,8545 Oak Avenue,2003-10-22,253,3,2013-03-24,
254,5108751604334894,rriseborough71@craigslist.org,9151576784,Riseborough,Randa,2352 Elka Circle,2003-06-17,254,2,2011-08-27,
255,5108755074340323,pmanston72@time.com,5825522686,Manston,Paulo,9 Hermina Terrace,2004-03-19,255,3,2015-10-09,
256,5048372070757048,nheadingham73@princeton.edu,3897809106,Headingham,Neils,1 Oakridge Center,2006-02-14,256,1,2015-06-25,
257,5108754651359509,mstegell74@posterous.com,6535682196,Stegell,Mable,21 Paget Trail,2008-01-05,257,3,2019-12-07,2024-04-18
258,5108753267075095,spigdon75@weebly.com,6301334216,Pigdon,Sarena,572 Main Way,2008-05-16,258,1,2020-11-12,
259,5048378287287356,amatterface76@purevolume.com,4581479445,Matterface,Alexi,4 Dixon Street,2002-03-03,259,2,2022-01-01,
260,5108753044224339,rgirone77@webmd.com,2584941228,Girone,Renate,0389 Ludington Way,2003-10-24,260,3,2021-04-04,
261,5108754995317262,mfloyde78@sciencedaily.com,3898840513,Floyde,Marabel,32 Elmside Place,2002-11-17,261,2,2020-05-28,
262,5108752344720152,sfishly79@yelp.com,7615173147,Fishly,Shoshanna,33 Blaine Drive,2003-03-03,262,1,2012-11-21,
263,5108750604974436,cbootland7a@indiatimes.com,2201879895,Bootland,Clare,8274 Jenifer Lane,2001-12-09,263,1,2020-06-02,
264,5108753116683271,sberkely7b@phpbb.com,6393716858,Berkely,Stevena,210 North Parkway,2008-12-19,264,2,2023-06-29,
265,5108759029089605,thurne7c@cocolog-nifty.com,1019212159,Hurne,Terrance,98194 Fisk Park,2002-01-12,265,2,2020-07-12,2024-04-22
266,5108758345562618,llamboll7d@4shared.com,4724508491,Lamboll,Lory,08042 Pankratz Trail,2009-01-23,266,3,2017-03-11,
267,5048372036392336,smcvrone7e@naver.com,2241552292,McVrone,Sarena,10 Commercial Plaza,2000-08-05,267,2,2017-03-20,
268,5048370335399259,lkares7f@adobe.com,2571252079,Kares,Lamar,62 New Castle Parkway,2000-03-01,268,1,2022-06-19,
269,5108755257050285,rhaskur7g@icq.com,5295146763,Haskur,Rutledge,8613 Rutledge Parkway,2004-02-15,269,1,2023-11-25,2024-02-25
270,5108758326157636,fkeningley7h@blogspot.com,9047902101,Keningley,Florenza,51343 Drewry Pass,2000-05-01,270,1,2014-03-07,2024-05-24
271,5108753200661100,fgibbon7i@ca.gov,1877136635,Gibbon,Farah,42133 Blue Bill Park Circle,2004-02-27,271,1,2018-10-08,2024-03-27
272,5108753229223502,rdacosta7j@sphinn.com,9889411799,Da Costa,Rutger,4329 Kropf Place,2001-01-24,272,2,2012-05-18,
273,5108750691010524,rshowers7k@army.mil,3119272085,Showers,Roxane,6 Fremont Park,2010-04-25,273,2,2022-05-26,
274,5108753865151892,mdunster7l@nature.com,7135665299,Dunster,Margarette,218 Scoville Alley,2005-03-09,274,2,2011-12-08,2024-05-19
275,5048373385550698,fbeare7m@pen.io,3236501084,Beare,Ferne,0870 Scoville Alley,2007-07-25,275,1,2017-12-06,
276,5048379711641358,nclaisse7n@vk.com,9163676406,Claisse,Nikki,73 Bowman Alley,2000-02-26,276,1,2010-08-25,
277,5108759932119184,dfinnan7o@aboutads.info,3738664379,Finnan,Dulcine,42 Meadow Ridge Parkway,2007-05-07,277,1,2011-10-18,
278,5108755561588103,aphilippart7p@typepad.com,7062185138,Philippart,Archy,0426 Caliangt Junction,2005-05-24,278,3,2012-05-03,
279,5048377833073500,gtebbet7q@hugedomains.com,2452293554,Tebbet,Genovera,501 Kennedy Plaza,2003-05-24,279,3,2022-11-27,
280,5108758402445202,rstrotton7r@patch.com,1661294325,Strotton,Rich,1149 Green Ridge Hill,2008-12-13,280,3,2018-11-13,
281,5048374301597920,jdunbobin7s@posterous.com,3222676498,Dunbobin,Judah,769 Harper Street,2002-04-10,281,3,2011-04-29,
282,5048379726753040,efellona7t@oaic.gov.au,3532857900,Fellona,Esdras,32 Union Center,2007-03-29,282,2,2023-12-19,
283,5048371070200496,khammant7u@google.com.hk,9271625876,Hammant,Ker,7 Gateway Junction,2000-04-18,283,3,2023-07-05,
284,5048377666209171,jskitterel7v@weebly.com,5564320164,Skitterel,Julianne,84015 Hoepker Center,2008-03-30,284,1,2010-10-30,
285,5108755681233705,dmcnamara7w@berkeley.edu,6079528470,McNamara,Dionysus,75498 Corben Drive,2010-07-28,285,1,2018-07-03,2024-03-29
286,5108754473267435,osoppit7x@webs.com,2016031376,Soppit,Ondrea,9432 Anderson Drive,2002-03-06,286,1,2014-10-11,
287,5048377576527381,fcaslin7y@house.gov,7034121103,Caslin,Findley,80 Independence Crossing,2003-03-24,287,1,2018-10-10,2024-01-28
288,5108753309494098,rbarney7z@jigsy.com,9363148988,Barney,Rosalinde,1491 La Follette Terrace,2004-04-22,288,1,2012-06-03,
289,5108757781017426,jbennion80@thetimes.co.uk,2255589553,Bennion,Jemmie,7902 Heath Plaza,2003-05-25,289,1,2010-09-12,
290,5048371928113669,tmatteo81@de.vu,4598431227,Matteo,Teresina,96275 School Terrace,2009-01-20,290,1,2020-03-22,
291,5048372659224022,tspinello82@webeden.co.uk,9866296870,Spinello,Thorin,58 Tony Circle,2001-11-04,291,1,2020-09-29,
292,5108753744344544,tneesam83@vk.com,2689295991,Neesam,Tish,2497 Warbler Parkway,2009-12-27,292,1,2017-10-18,2024-02-28
293,5108755961393310,kpotier84@alexa.com,8287444448,Potier,Kellina,9 Fallview Terrace,2000-07-04,293,2,2021-07-10,
294,5048371408087557,qclendinning85@bandcamp.com,9901034985,Clendinning,Quent,51 Nevada Hill,2005-07-29,294,3,2014-08-22,
295,5108752392752560,ngrindall86@opensource.org,9422647060,Grindall,Nickie,4584 Green Ridge Street,2004-06-23,295,3,2021-10-12,
296,5108751707808646,lwalne87@nsw.gov.au,8521064384,Walne,Lissa,5 Waxwing Crossing,2006-09-13,296,2,2011-05-08,
297,5048373853513293,ztome88@fastcompany.com,4772151012,Tome,Zelma,55964 American Trail,2006-07-21,297,2,2013-05-30,
298,5048378670755217,smattersley89@ycombinator.com,3738700961,Mattersley,Savina,620 Tennyson Point,2003-09-19,298,3,2022-12-06,
299,5048370816617377,mkinnier8a@netscape.com,3692460748,Kinnier,Mirna,29570 Laurel Avenue,2003-03-01,299,2,2021-03-17,
300,5108750909595431,tbraidman8b@parallels.com,5951213544,Braidman,Trula,89 Homewood Place,2001-04-15,300,2,2020-05-18,
301,5048370836194449,scheccuzzi8c@wikia.com,1128597712,Checcuzzi,Silvie,157 Fisk Avenue,2009-11-14,301,2,2014-06-03,2024-01-22
302,5108751805303771,slimprecht8d@hostgator.com,6822158344,Limprecht,Sybil,2489 Thompson Street,2003-02-11,302,3,2011-10-21,
303,5048376793551661,chourigan8e@google.com,7955797869,Hourigan,Carolann,73366 Merchant Crossing,2005-04-18,303,1,2022-11-09,
304,5048378571117574,bcaveney8f@cpanel.net,5962488166,Caveney,Bellanca,54760 Hazelcrest Parkway,2010-11-15,304,1,2019-08-09,
305,5048371846633020,alambol8g@harvard.edu,3416843050,Lambol,Augustine,92883 Lotheville Lane,2003-02-24,305,2,2019-06-06,
306,5048376974619980,lmcwhan8h@printfriendly.com,8438097648,McWhan,Latashia,88 Anzinger Drive,2000-04-18,306,1,2017-11-12,
307,5048373606574469,csantarelli8i@telegraph.co.uk,1516911707,Santarelli,Carmelita,80095 Ronald Regan Crossing,2003-03-05,307,1,2014-07-03,
308,5048374214911549,swebby8j@bloglovin.com,4231597081,Webby,Sharron,96 Gina Parkway,2001-03-19,308,2,2022-02-26,
309,5108754323195919,efettiplace8k@gnu.org,2224866591,Fettiplace,Eunice,04994 Birchwood Terrace,2003-07-05,309,2,2022-09-22,
310,5108754071732384,bcaldwell8l@disqus.com,3903022998,Caldwell,Beryl,50510 Ludington Avenue,2009-12-16,310,3,2019-04-24,
311,5108757988440546,kbeek8m@usgs.gov,5236626527,Beek,Kizzee,95656 Warbler Terrace,2010-03-10,311,2,2014-05-21,
312,5108751664195441,cmarcos8n@adobe.com,9226602571,Marcos,Cathryn,97 Surrey Alley,2009-05-20,312,2,2023-05-01,
313,5048374306880586,cfallon8o@cloudflare.com,8266589733,Fallon,Cleveland,62121 Towne Drive,2009-04-16,313,2,2016-05-29,
314,5048371402843245,bbascomb8p@cdc.gov,2208894068,Bascomb,Burton,030 Stoughton Alley,2010-01-15,314,1,2020-05-27,
315,5048379915940671,aelijah8q@blogger.com,4447101318,Elijah,Alyson,3562 East Pass,2006-08-19,315,1,2015-01-06,
316,5108754951400417,aprazer8r@godaddy.com,3277853946,Prazer,Amery,8246 Crownhardt Street,2002-06-19,316,3,2016-09-09,
317,5048373569779410,agazey8s@flickr.com,8793320507,Gazey,Ario,75 Randy Plaza,2003-08-06,317,2,2021-09-09,2024-05-14
318,5048373697627259,epatriskson8t@wisc.edu,1795041611,Patriskson,Ebonee,010 Comanche Park,2008-01-27,318,2,2020-03-19,
319,5108755233480028,rfeechum8u@privacy.gov.au,1212804274,Feechum,Rolf,7620 Aberg Street,2002-02-23,319,2,2021-12-16,
320,5108757493005255,kstrutton8v@unblog.fr,4728668931,Strutton,Kelbee,47770 Forster Lane,2003-01-31,320,2,2013-03-24,
321,5108754369555034,wdabernott8w@blogspot.com,4296633302,Dabernott,Wilton,2768 Nobel Trail,2006-07-02,321,1,2013-04-02,
322,5048376668987123,lelloy8x@theglobeandmail.com,9172807237,Elloy,Lilias,350 Dunning Point,2010-04-08,322,2,2014-08-08,2024-02-25
323,5108753387102639,cbanner8y@gmpg.org,8795746159,Banner,Cahra,0349 Pennsylvania Crossing,2009-12-31,323,3,2019-07-12,
324,5048371008103275,yallworthy8z@hao123.com,6353056203,Allworthy,Yuri,4647 Forster Crossing,2009-11-20,324,1,2019-10-21,
325,5108758681490424,mclouston90@fc2.com,2094560295,Clouston,Marabel,078 Pankratz Place,2009-02-20,325,3,2018-11-10,
326,5048370371915752,lbaselio91@cloudflare.com,7443417626,Baselio,Leontine,75 Bonner Road,2007-10-22,326,3,2018-03-10,2024-02-10
327,5108751860531035,dpigney92@marketwatch.com,3008148938,Pigney,Demott,400 Clarendon Point,2004-10-08,327,2,2017-01-30,2024-03-18
328,5108756206990498,jcherrington93@cbsnews.com,3342580577,Cherrington,Johny,86431 Sunfield Circle,2009-07-23,328,2,2011-01-14,
329,5108756893626843,adodge94@paypal.com,4323175817,Dodge,Ange,466 Scoville Street,2008-01-14,329,2,2023-07-21,
330,5048372057550267,hbrammall95@hexun.com,9361169913,Brammall,Holly-anne,394 Brentwood Way,2002-08-26,330,3,2019-03-27,2024-03-13
331,5108756547878287,jnormabell96@cbsnews.com,6017286624,Normabell,Jourdan,70688 Division Court,2009-02-07,331,1,2017-10-16,
332,5108757210767005,ctibbs97@myspace.com,7582886157,Tibbs,Clayson,38 Elgar Court,2010-12-10,332,2,2023-02-10,
333,5048375737562610,wkinnier98@scribd.com,9182313346,Kinnier,Walsh,0003 Atwood Way,2007-07-05,333,3,2016-05-19,
334,5108758585657334,oames99@unblog.fr,3311764085,Ames,Orson,4 Amoth Center,2004-11-06,334,1,2017-09-09,
335,5048372937197776,pcorsor9a@slideshare.net,1344227942,Corsor,Pietrek,86 Fallview Drive,2002-06-01,335,2,2014-08-07,
336,5108756932751933,glawrance9b@noaa.gov,5774149985,Lawrance,Galina,8 Caliangt Terrace,2004-08-30,336,1,2014-12-12,
337,5108755692903163,pogilvie9c@tinypic.com,6167125441,Ogilvie,Pandora,6318 Mallard Way,2005-06-17,337,1,2017-06-28,
338,5108756236143555,cvoules9d@guardian.co.uk,4091365395,Voules,Carlie,570 Summer Ridge Junction,2009-09-11,338,1,2010-08-29,
339,5048375956004914,eknowlson9e@gizmodo.com,2275194608,Knowlson,Emmalee,189 Dorton Crossing,2002-05-02,339,3,2017-11-26,
340,5048375061042981,ageorge9f@dot.gov,2508810484,George,Anabella,153 Ohio Court,2000-12-31,340,2,2017-12-31,
341,5108750374331767,kmcgann9g@4shared.com,7464957644,McGann,Klara,76321 High Crossing Hill,2006-11-24,341,2,2020-09-30,
342,5048373397620893,swigan9h@reddit.com,7814405429,Wigan,Suzette,71 Bunting Lane,2007-04-04,342,2,2018-11-26,
343,5048373330034418,amatas9i@bloglovin.com,1736560794,Matas,Avrit,3 Browning Parkway,2004-03-16,343,2,2023-01-02,2024-04-12
344,5048373334993064,mjanecki9j@instagram.com,8955748974,Janecki,Myrtice,853 Cottonwood Parkway,2007-06-04,344,1,2015-09-20,
345,5108759464349985,troyal9k@surveymonkey.com,6393756510,Royal,Talyah,68185 Buena Vista Plaza,2009-12-06,345,2,2019-03-23,
346,5048378208042781,ltorald9l@merriam-webster.com,2636877960,Torald,Lina,1 Chinook Drive,2000-12-04,346,1,2023-04-24,
347,5108757855684275,mmcnaughton9m@ebay.co.uk,6271036586,McNaughton,Margie,2 Straubel Drive,2010-02-17,347,1,2018-06-21,2024-02-04
348,5108758949952439,ddepinna9n@yelp.com,7634865224,de Pinna,Demott,31600 Bowman Terrace,2004-09-06,348,3,2018-12-04,
349,5108757239651008,bchatelet9o@dyndns.org,5404817021,Chatelet,Bartholomew,4 Hauk Junction,2008-08-04,349,1,2015-07-06,
350,5048379508268514,qcromar9p@youtu.be,4346071384,Cromar,Quinn,9 Birchwood Center,2009-02-04,350,3,2012-12-06,
351,5048377223601357,nbolsteridge9q@globo.com,7059801888,Bolsteridge,Nedda,5460 Tomscot Way,2008-03-24,351,3,2012-11-29,
352,5108759305181753,dgledhall9r@psu.edu,5841952889,Gledhall,Dawna,42010 Schlimgen Lane,2003-07-12,352,2,2018-04-02,
353,5048379021636551,dgrodden9s@state.gov,7548752052,Grodden,Dylan,98558 Transport Point,2006-11-28,353,1,2021-04-22,
354,5108756134513842,apink9t@xing.com,8404846040,Pink,Andee,5896 Shoshone Point,2008-10-13,354,3,2015-11-14,
355,5048379537957103,pcookney9u@g.co,5947738225,Cookney,Penelopa,45413 Golf View Crossing,2002-06-08,355,2,2018-06-20,
356,5108750708133376,sferraro9v@friendfeed.com,8359389365,Ferraro,Stacy,62 Jay Court,2000-06-12,356,2,2021-11-25,
357,5108759179729489,astoffersen9w@behance.net,8417422562,Stoffersen,Ahmed,293 American Ash Trail,2010-03-29,357,3,2010-10-20,
358,5048371761535135,medelston9x@rakuten.co.jp,1235698535,Edelston,Maddie,19718 Springview Center,2009-08-16,358,3,2010-08-30,
359,5108757091569090,hstedall9y@paginegialle.it,3992945505,Stedall,Hermine,7 Stoughton Circle,2000-01-30,359,3,2023-03-03,
360,5048372772603052,cprothero9z@homestead.com,4686843250,Prothero,Curr,37 Red Cloud Center,2002-11-01,360,2,2023-04-17,2024-03-21
361,5048376032404995,cpetruskaa0@biglobe.ne.jp,8247484993,Petruska,Carlie,8170 Heffernan Place,2000-03-20,361,2,2012-12-31,2024-04-03
362,5108756148308726,cschusterla1@shareasale.com,4029887060,Schusterl,Chadwick,3 Homewood Drive,2010-07-14,362,3,2020-09-29,
363,5108754935915126,pvonaseka2@fastcompany.com,4509606933,Vonasek,Pancho,9283 Armistice Road,2010-07-08,363,3,2012-10-20,
364,5108753607200510,dmundiea3@51.la,8296842595,Mundie,Dotty,1 Muir Street,2002-05-17,364,2,2018-07-25,
365,5108750543277800,vmissendena4@elpais.com,8484595463,Missenden,Vaughan,70609 Old Gate Plaza,2007-10-19,365,1,2014-12-14,2024-05-05
366,5108758230532213,rchina5@utexas.edu,3775047311,Chin,Roz,146 Lerdahl Lane,2004-04-28,366,1,2022-09-03,
367,5108754191913591,hmacinerneya6@mashable.com,8486524003,MacInerney,Haskel,180 Anthes Parkway,2000-12-03,367,2,2013-11-05,
368,5048373183115488,sgavinia7@t-online.de,6552922738,Gavini,Sisile,0406 Sutteridge Crossing,2001-05-30,368,2,2013-08-30,
369,5108759197860035,isegoea8@slashdot.org,5458597641,Segoe,Inge,7 Fallview Court,2005-06-29,369,3,2016-11-11,
370,5108754065198352,aellicotta9@cargocollective.com,5782318845,Ellicott,Abran,3407 Comanche Drive,2005-07-21,370,1,2013-05-12,
371,5048376598494372,rhaizeldenaa@goo.gl,2292338371,Haizelden,Rusty,2920 Chinook Street,2003-08-01,371,2,2021-01-24,
372,5108754978135509,mallotab@tripadvisor.com,9606900778,Allot,Manya,68 Stuart Place,2004-10-03,372,3,2022-01-06,
373,5108751524596812,rdiklesac@hhs.gov,4888899467,Dikles,Raye,3 Cherokee Junction,2008-09-28,373,3,2022-11-02,
374,5108756022791989,ddemkowiczad@state.tx.us,1863851858,Demkowicz,Don,7823 Clove Terrace,2006-05-20,374,2,2017-10-10,
375,5108756084043139,vtiversae@desdev.cn,7034464933,Tivers,Vern,882 Sauthoff Parkway,2010-05-30,375,3,2013-03-26,2024-04-19
376,5108753266562614,shinrichaf@linkedin.com,2387325799,Hinrich,Sharline,777 Commercial Circle,2007-01-10,376,2,2015-01-03,
377,5108755500733562,syepiskopovag@prnewswire.com,1655404017,Yepiskopov,Storm,7 Fordem Street,2003-10-18,377,3,2017-12-06,
378,5108754368416535,cbunningah@vinaora.com,6184570069,Bunning,Clay,484 Kings Crossing,2010-11-15,378,3,2016-01-03,
379,5108759163817035,civettsai@omniture.com,6769428751,Ivetts,Coraline,305 Westend Place,2009-09-06,379,1,2013-09-20,
380,5048375869775105,zdionsettoaj@surveymonkey.com,7357442136,Dionsetto,Zebedee,010 Killdeer Place,2009-10-05,380,2,2014-08-15,
381,5048378433817437,cfunnellak@google.com.br,4343430092,Funnell,Clemmy,44 Hoffman Lane,2004-01-29,381,3,2023-11-30,
382,5108758824667318,stoshal@webs.com,1851266422,Tosh,Sibilla,90 Talmadge Terrace,2007-01-18,382,2,2016-01-21,
383,5108758498264970,ewoolfam@gizmodo.com,5457016371,Woolf,Eolanda,7 Transport Circle,2004-05-31,383,3,2018-08-17,2024-06-05
384,5108759120472122,awinteran@nature.com,7081754399,Winter,Angelica,5 Starling Crossing,2009-12-28,384,2,2021-08-29,
385,5108759294040101,hfearnehoughao@skyrock.com,4797658632,Fearnehough,Hestia,7908 Duke Parkway,2006-09-10,385,1,2016-04-16,
386,5108754352073011,cstobbesap@webmd.com,7123545990,Stobbes,Chlo,14 Elka Parkway,2006-11-04,386,3,2013-02-09,
387,5048374062696606,amechemaq@exblog.jp,9833568124,Mechem,Allina,13404 Ludington Way,2003-06-17,387,3,2023-03-06,
388,5108754932165485,nekinsar@scientificamerican.com,6125099606,Ekins,Nathan,165 Maple Center,2001-06-04,388,1,2015-11-23,
389,5108758903764291,lhirtzmannas@twitpic.com,5292722932,Hirtzmann,Lorens,140 Bunting Alley,2003-01-04,389,3,2023-07-12,
390,5108758601424321,bewbanckat@unicef.org,5074931267,Ewbanck,Bronnie,85187 Ohio Court,2003-01-09,390,3,2014-10-31,
391,5048379579026536,fsebrensau@biblegateway.com,5363223587,Sebrens,Ferrell,3 Kennedy Alley,2004-11-05,391,1,2015-05-09,
392,5108755053492798,gsherrockav@google.ca,3768073280,Sherrock,Grayce,01 Pearson Parkway,2000-04-23,392,3,2013-12-22,
393,5108751913898746,jrichardtaw@xinhuanet.com,2883835422,Richardt,Jennifer,7795 Dryden Junction,2008-03-09,393,1,2014-11-22,
394,5048373422341614,dlealleax@weibo.com,1946536603,Lealle,Denyse,82 Clemons Avenue,2000-02-14,394,1,2020-11-29,
395,5048374432351718,legglesonay@thetimes.co.uk,4319964630,Eggleson,Lemar,7214 Hollow Ridge Crossing,2003-09-21,395,2,2012-04-14,
396,5108756026662004,amirfieldaz@hexun.com,7296742636,Mirfield,Adelbert,2 Schurz Place,2004-11-08,396,3,2014-06-13,2024-05-23
397,5048376669913813,lbreckenridgeb0@godaddy.com,3787169208,Breckenridge,Lira,456 Rockefeller Drive,2004-08-03,397,3,2013-10-05,
398,5108750558133211,storbetb1@home.pl,1362755018,Torbet,Stanwood,1 Helena Drive,2006-02-16,398,3,2021-10-08,
399,5048372700746064,tsiaskowskib2@smugmug.com,6982367136,Siaskowski,Tish,32438 Canary Court,2008-07-19,399,3,2010-07-22,
400,5048377087958000,dwoofindenb3@istockphoto.com,5762483953,Woofinden,Delly,02 Dayton Crossing,2010-09-20,400,3,2021-05-08,2024-04-27