idprofesor,dni_profesor,email_profesor,celular_profesor,apellido_profesor,nombre_profesor,fk_idcargo_profesor,fk_idsituacion_profesor,createdAt,updatedAt
1,5108755068523645,cbristoe0@meetup.com,7835101190,Bristoe,Chadd,4,1,2022-09-01,
2,5048374273840704,fpiercy1@mayoclinic.com,8501145414,Piercy,Filberto,3,1,2020-11-30,2024-06-01
3,5048375178394861,smartel2@theguardian.com,7903860767,Martel,Shirlee,4,1,2022-05-27,
4,5108758478675856,vheadingham3@nydailynews.com,5243990508,Headingham,Val,1,2,2021-02-26,2023-12-09
5,5048377040085305,svelden4@blogs.com,5926657077,Velden,Salome,1,1,2022-12-11,2024-05-03
6,5108752107581981,cfassmann5@ucla.edu,1711231373,Fassmann,Chandler,2,1,2022-04-14,2024-05-02
7,5108751952580759,tlomen6@360.cn,8534960301,Lomen,Tabbie,3,3,2022-11-17,2023-05-02
8,5048374485737094,jbacon7@geocities.com,6409487477,Bacon,Jeanelle,4,1,2022-02-03,2024-02-07
9,5048376349630613,sangier8@nyu.edu,5872332210,Angier,Stavros,4,3,2021-04-29,2023-12-17
10,5108753415757800,lbresner9@google.com.br,8434400085,Bresner,Liz,2,3,2022-05-22,
11,5108759474122505,fbauera@soup.io,3705370219,Bauer,Flore,3,1,2021-12-14,2023-04-09
12,5048370457993806,kgettingsb@etsy.com,1618097510,Gettings,Kimberlyn,4,1,2021-12-18,
13,5048378279984580,gtomikc@washington.edu,1514059815,Tomik,Gifford,2,1,2020-03-17,
14,5048376166153848,dajamd@google.it,6146894462,Ajam,Denver,1,2,2020-03-17,
15,5048375840734163,wwhichere@imageshack.us,1927855353,Whicher,Wernher,4,2,2020-07-08,
16,5108750909375958,sklugf@statcounter.com,5368678575,Klug,Sly,4,3,2022-10-10,
17,5108750233765288,qbrasong@wufoo.com,1714345058,Brason,Quincy,2,3,2021-12-23,2023-09-08
18,5108756848015332,vcolumbineh@discuz.net,9418503465,Columbine,Vite,1,1,2020-09-14,2023-06-13
19,5048379588471376,ltivolieri@comcast.net,7453482961,Tivolier,Lyndsie,2,3,2020-02-15,
20,5108750463684845,brasherj@networksolutions.com,4388506654,Rasher,Bertrand,3,3,2022-01-12,2023-01-08
21,5048375793724740,darguek@webs.com,3006757035,Argue,Dimitry,2,1,2022-04-07,2023-09-11
22,5048370698637527,jcordobal@thetimes.co.uk,1381586838,Cordoba,Janka,2,2,2022-09-08,2023-01-07
23,5108751954735096,mewbanksm@youku.com,2916221887,Ewbanks,Maximilianus,3,2,2022-08-29,
24,5108758911956376,mortetn@arizona.edu,6225069809,Ortet,Myer,1,2,2021-06-10,2024-04-15
25,5048376766693045,pmoaksono@huffingtonpost.com,3353652829,Moakson,Peder,3,3,2022-05-02,
26,5048377291623044,khitschkep@java.com,1887847369,Hitschke,Kristien,3,3,2020-08-24,
27,5048372220071530,kbatterbeeq@lulu.com,2068174087,Batterbee,Kelby,2,3,2022-06-22,2023-12-16
28,5048372237473422,drabidger@techcrunch.com,9505192496,Rabidge,Darcey,1,2,2021-04-13,
29,5048373848294181,fvonoertzens@fastcompany.com,8669783649,Von Oertzen,Franky,1,3,2022-12-13,2024-05-02
30,5108756654450060,cscarrt@cdbaby.com,1478106474,Scarr,Crin,1,1,2020-04-11,
31,5048375609098503,adeyeu@omniture.com,4866786158,D'eye,Ado,2,2,2021-07-10,2024-02-05
32,5108754360781373,bwathanv@bluehost.com,3552197503,Wathan,Barbabra,3,3,2020-05-08,2023-01-03
33,5048372673697260,ariceardsw@sphinn.com,4615046694,Riceards,Aldrich,4,1,2020-05-26,
34,5108755802187780,mtadmanx@cbslocal.com,7494690451,Tadman,Marlon,3,2,2021-12-13,2023-09-21
35,5048375974705203,dscohiery@webs.com,9342646337,Scohier,Doralin,4,2,2020-03-05,2024-02-22
36,5108751076733367,jdurbynz@wordpress.org,9051353275,Durbyn,Joshia,2,2,2022-05-05,
37,5108754939582989,tdourin10@nasa.gov,7706540950,Dourin,Theressa,3,1,2022-10-21,2023-02-21
38,5108754419876794,lkalb11@ning.com,5201181805,Kalb,Loni,4,3,2022-09-27,2023-11-08
39,5048375970123781,mvise12@springer.com,7133544084,Vise,Maisey,1,1,2020-08-29,
40,5048378772986603,hbenditt13@blogger.com,2184127023,Benditt,Holmes,3,3,2021-02-24,
41,5108755764593348,cchartman14@answers.com,4158189773,Chartman,Clevey,1,2,2022-02-24,
42,5048372287467985,clauritsen15@dedecms.com,2033166578,Lauritsen,Curtis,2,2,2020-08-25,2024-02-17
43,5108752088941519,rbrislawn16@histats.com,7624894618,Brislawn,Roley,4,2,2020-12-21,
44,5108756374038484,kstyche17@pbs.org,8637065943,Styche,Koralle,4,3,2022-03-06,2023-04-20
45,5108759886759134,rboxer18@ezinearticles.com,2772813615,Boxer,Rafi,1,2,2022-05-07,
46,5048377359378564,pmurname19@nationalgeographic.com,4978210148,Murname,Peirce,4,2,2021-09-11,
47,5048375195065890,ndumbrall1a@hubpages.com,1042788340,Dumbrall,Nettle,2,3,2021-06-30,
48,5048378628625926,sdowding1b@shareasale.com,1091903176,Dowding,Sherline,4,2,2020-01-16,2023-03-04
49,5108754399187733,cpaffett1c@accuweather.com,4732961107,Paffett,Claudian,4,3,2022-06-01,
50,5048370312803174,fperryman1d@goodreads.com,4622121633,Perryman,Fawnia,3,3,2022-05-19,2023-11-09
51,5108759268718708,chadeke1e@constantcontact.com,2567081768,Hadeke,Carleen,2,2,2021-08-24,
52,5108758964295482,gkeslake1f@gravatar.com,8234936656,Keslake,Gustavus,1,3,2020-06-29,
53,5048378254824157,gkendred1g@creativecommons.org,1666152914,Kendred,Gordy,2,1,2022-07-10,2023-04-12
54,5108755069332970,eellsom1h@tamu.edu,1972806079,Ellsom,Erika,3,3,2020-02-25,2023-02-20
55,5108750070540950,bhonacker1i@elpais.com,7413244991,Honacker,Beltran,4,2,2021-10-11,
56,5108754426669554,rvillaret1j@blogtalkradio.com,7743661547,Villaret,Rory,2,1,2020-02-27,2023-12-08
57,5048374909694558,sflahy1k@ebay.co.uk,9517050977,Flahy,Sallie,3,1,2022-02-20,
58,5048372921961328,scrone1l@behance.net,8033503446,Crone,Simonette,4,2,2020-01-26,
59,5108758057744925,bblind1m@imgur.com,1973138026,Blind,Burke,4,3,2021-01-11,2023-02-15
60,5108759270033245,pgarlicke1n@redcross.org,5403739449,Garlicke,Perrine,1,3,2021-02-15,
61,5108754298698095,pmuscat1o@topsy.com,2073708670,Muscat,Phil,3,3,2020-10-07,2023-07-30
62,5048373175050727,tsoper1p@google.com.au,5941459629,Soper,Tanhya,2,3,2020-07-01,
63,5048379833306047,hsnasdell1q@china.com.cn,6663726397,Snasdell,Hugues,2,1,2021-03-19,2023-02-27
64,5048371843004811,cwitson1r@tinyurl.com,4773373784,Witson,Cristionna,4,1,2020-09-10,2023-04-26
65,5048372178842676,jupsale1s@admin.ch,3226661331,Upsale,Jarvis,1,2,2020-05-20,2024-03-06
66,5048373900850375,dbowshire1t@github.com,4966434580,Bowshire,Duff,3,1,2020-07-22,
67,5108756472515680,breubbens1u@utexas.edu,4857646678,Reubbens,Barnabe,2,2,2020-03-06,
68,5108753715569954,adanilchev1v@g.co,5392121840,Danilchev,Arleyne,1,3,2020-04-18,
69,5048375359436457,ebeevors1w@nasa.gov,4763659706,Beevors,Emili,4,1,2020-06-23,2023-07-02
70,5108759061757531,bgarwood1x@dion.ne.jp,3918966201,Garwood,Baxter,4,3,2022-10-16,
71,5108754745682528,bgouldsmith1y@over-blog.com,1333536686,Gouldsmith,Bearnard,4,3,2020-10-16,2023-02-14
72,5048371805875273,xversey1z@amazonaws.com,3144588760,Versey,Xaviera,1,2,2021-05-04,
73,5108750527231047,tvannoort20@spiegel.de,7221425634,Vannoort,Tiphanie,4,1,2020-11-04,2024-04-03
74,5108756381670782,gcass21@cornell.edu,1258061023,Cass,Glory,2,2,2021-10-17,2024-04-30
75,5108750107376105,mdanjoie22@theatlantic.com,1758122286,Danjoie,Mandy,3,1,2022-02-18,
76,5048378841117297,gjohannes23@yolasite.com,8499611029,Johannes,Giacobo,1,2,2022-09-30,2023-12-21
77,5108758561321210,achoules24@pbs.org,3585324110,Choules,Avrom,2,1,2021-01-10,2024-04-14
78,5048370815938790,lgandey25@who.int,6266357143,Gandey,Lief,4,2,2022-09-26,2024-05-02
79,5048379144780344,gpegden26@github.io,7854266161,Pegden,Gus,4,2,2021-03-13,
80,5108752577944461,hmaestro27@xinhuanet.com,4336618821,Maestro,Herb,2,3,2021-10-23,
81,5048379260261616,kpaddick28@liveinternet.ru,5644867408,Paddick,Kylynn,3,3,2020-08-14,
82,5048370510725401,hpol29@cnbc.com,4636966012,Pol,Hercule,3,1,2020-11-27,
83,5108758684252698,sgatheral2a@bandcamp.com,7369765213,Gatheral,Siegfried,1,1,2021-05-31,
84,5108757934669719,cneggrini2b@cdc.gov,6169512914,Neggrini,Casie,1,1,2021-11-10,
85,5108759052793966,lsymcoxe2c@epa.gov,9624054700,Symcoxe,Loleta,4,2,2021-05-15,
86,5108751482298641,bbertome2d@weibo.com,7517837487,Bertome,Bronson,2,3,2020-03-05,
87,5048375720834786,nswannell2e@networkadvertising.org,4078658485,Swannell,Nancee,3,2,2020-12-08,2024-03-19
88,5108759048070537,mburnand2f@ucoz.ru,8082511931,Burnand,Mignon,2,2,2021-07-29,
89,5048376067889003,kvickery2g@yellowpages.com,4908370388,Vickery,Karina,3,2,2020-09-23,2024-05-10
90,5108753990278297,eemmison2h@youku.com,6585851378,Emmison,Errick,3,1,2022-01-31,2024-03-16
91,5048377207446977,atilbrook2i@jigsy.com,2765608455,Tilbrook,Allene,1,3,2021-07-04,
92,5108754556161414,tpidduck2j@indiatimes.com,3666391364,Pidduck,Tina,1,1,2020-08-08,2024-01-27
93,5048377131798907,llearmont2k@cafepress.com,2102822561,Learmont,Lev,1,2,2022-08-22,
94,5108754154306387,tbrumwell2l@cpanel.net,7915519912,Brumwell,Therese,4,2,2020-02-20,
95,5048379021380655,gmcgawn2m@360.cn,8359417080,McGawn,Georgette,1,3,2020-07-31,
96,5048377518384057,badamowicz2n@google.ru,9532127369,Adamowicz,Brandy,4,3,2022-03-08,
97,5048371130278425,dlapre2o@imgur.com,3431346500,Lapre,Daloris,1,1,2021-01-18,
98,5048373868366281,dsangwin2p@uol.com.br,5554434229,Sangwin,Devina,4,1,2021-11-13,
99,5108755796905080,ahenniger2q@tamu.edu,4978706104,Henniger,Augustine,4,1,2022-09-25,2023-02-08
100,5108753407370984,lkilday2r@uol.com.br,4513136527,Kilday,Leticia,1,2,2021-01-28,2023-05-13
101,5048378929214578,bmaggorini2s@bbb.org,4159448048,Maggorini,Bendite,4,1,2022-08-13,2023-06-24
102,5108755536791535,wcalvert2t@woothemes.com,3571563895,Calvert,Wilma,1,2,2021-01-27,2023-06-28
103,5048375944189603,sannatt2u@artisteer.com,5238880434,Annatt,Sonnie,2,2,2021-11-08,
104,5048373171832995,fforde2v@blogger.com,6192079295,Forde,Fred,2,2,2021-06-26,
105,5048378146180073,hmonro2w@tiny.cc,5526421942,Monro,Haskell,1,1,2020-07-11,2023-04-29
106,5108751751348143,ttristram2x@wunderground.com,8233741129,Tristram,Tedda,3,1,2021-03-29,2024-04-08
107,5108751080917907,kconry2y@globo.com,5504718002,Conry,Kiri,3,3,2021-05-09,
108,5108756471009297,eshannahan2z@nydailynews.com,9378493247,Shannahan,Emelda,3,2,2020-12-21,
109,5048378354153028,bbryning30@uol.com.br,9635636894,Bryning,Barr,4,1,2022-11-27,2023-03-27
110,5108754956576716,sskypp31@amazon.co.uk,5245214250,Skypp,Sher,4,3,2021-01-07,2024-03-10
111,5048371666442726,ljiles32@123-reg.co.uk,9849124365,Jiles,Lorry,3,1,2020-02-27,
112,5108752417660384,mruske33@usatoday.com,2929623119,Ruske,Martelle,3,2,2021-12-26,
113,5048376032601004,jbloxholm34@edublogs.org,4216406222,Bloxholm,Jonell,1,1,2020-04-22,
114,5108759140785586,hmccroary35@stanford.edu,9631013611,McCroary,Hagan,4,2,2022-09-25,2023-08-12
115,5048373209044928,ajellicorse36@github.io,1948041040,Jellicorse,Allison,1,1,2020-11-29,2023-09-05
116,5048373560409041,frollins37@disqus.com,3191294919,Rollins,Freedman,3,3,2020-04-20,2024-04-01
117,5048378984944630,ffuidge38@businesswire.com,1934196954,Fuidge,Floyd,3,3,2021-07-05,2024-01-10
118,5048375702935486,adespenser39@time.com,1736265316,Despenser,Annabelle,3,2,2021-07-03,2023-08-04
119,5048376996674039,wdavall3a@bizjournals.com,7054336298,Davall,Willi,2,1,2021-06-15,
120,5048376364005386,dpredohl3b@sogou.com,8129058236,Predohl,Delbert,2,1,2021-05-09,2024-01-11
121,5108755571608560,orhydderch3c@timesonline.co.uk,2538191254,Rhydderch,Odie,3,1,2021-12-18,2024-01-21
122,5108756188267543,rclemmett3d@cbsnews.com,2284868426,Clemmett,Rowland,3,1,2020-12-30,
123,5048377812584691,jrollins3e@dell.com,5381550220,Rollins,Jamill,3,2,2022-03-03,2023-09-01
124,5108758419648327,bdoag3f@examiner.com,5988615670,Doag,Blair,2,2,2020-03-02,
125,5048376665664147,riddons3g@wix.com,3294664258,Iddons,Rafaela,3,3,2021-08-29,2024-03-11
126,5048370421335001,cbariball3h@wikipedia.org,6428245216,Bariball,Correy,2,2,2022-02-17,2023-01-31
127,5108752010039754,vstaddom3i@privacy.gov.au,9204027782,Staddom,Valentino,4,3,2022-03-28,
128,5108759417568715,kdelgardillo3j@accuweather.com,8281953994,Delgardillo,Korney,1,3,2021-11-12,2024-01-08
129,5048376780449127,aruslin3k@springer.com,6439224580,Ruslin,Anissa,1,2,2020-04-16,
130,5048378949145950,kgudeman3l@goo.ne.jp,2594359863,Gudeman,Kimble,3,1,2021-06-18,2024-03-14
131,5108753023525714,pdyos3m@pen.io,8534398504,Dyos,Pepita,4,2,2021-12-04,
132,5108757179516765,physlop3n@techcrunch.com,3469697821,Hyslop,Pearl,3,3,2022-06-05,2023-03-26
133,5108759604360512,bdimock3o@cyberchimps.com,8133305723,Dimock,Bennie,4,3,2022-01-18,2023-06-03
134,5048370395303654,scruickshanks3p@thetimes.co.uk,1371061149,Cruickshanks,Salem,1,3,2022-04-23,
135,5108754991287022,evideler3q@blog.com,5421461842,Videler,Emerson,4,3,2021-01-07,
136,5108759834295512,wcamamile3r@mapy.cz,1293051600,Camamile,Wright,3,1,2022-08-31,2024-01-27
137,5048378693123856,kgrombridge3s@google.ca,9797456124,Grombridge,Kele,4,2,2021-08-01,2024-04-29
138,5048370540823267,arodear3t@icio.us,6498574393,Rodear,Agretha,1,3,2020-02-01,
139,5048373193392713,mglasscoe3u@vk.com,3435054928,Glasscoe,My,1,1,2021-10-03,
140,5048374417080654,mbehling3v@tmall.com,4439424224,Behling,Muhammad,1,2,2020-03-11,2023-05-22
141,5048375016729328,jpuckett3w@istockphoto.com,1533948107,Puckett,Jobie,4,2,2021-07-26,
142,5108752892118510,kstrippel3x@sina.com.cn,4462799652,Strippel,Katti,3,1,2021-01-26,2023-05-20
143,5048373097755718,ktrousdell3y@usatoday.com,7464033586,Trousdell,Korie,2,2,2020-04-21,2023-03-02
144,5048376334637904,mtowle3z@linkedin.com,6569548588,Towle,Mathian,3,3,2022-04-18,2023-07-02
145,5108750813060043,pmateo40@tinypic.com,4404508591,Mateo,Pavlov,4,3,2022-08-06,2023-10-15
146,5048378931972668,efrost41@a8.net,2055393196,Frost,Esta,4,2,2022-06-04,
147,5108757709699891,jcanelas42@blogspot.com,9166477122,Canelas,Jammie,2,3,2021-06-28,2023-04-07
148,5048379831205811,fbrommage43@samsung.com,4871727810,Brommage,Francene,3,1,2020-12-03,2023-06-01
149,5048370894124569,edaveley44@shutterfly.com,8243798939,Daveley,Ericha,4,1,2021-07-19,
150,5108759153626966,kwillgoss45@lulu.com,8042119550,Willgoss,Kori,3,1,2021-08-11,
151,5048370295341655,rmcmurrugh46@bandcamp.com,6159006374,McMurrugh,Raynell,4,1,2022-02-05,
152,5048379415859298,lharrison47@indiegogo.com,4253351207,Harrison,Lane,3,2,2020-11-10,
153,5048371646367993,hcall48@harvard.edu,5659206276,Call,Herbie,4,2,2022-02-05,
154,5108753673748053,sivanikhin49@google.pl,1883444505,Ivanikhin,Sue,1,1,2020-04-06,2023-10-10
155,5108750070176813,clapsley4a@photobucket.com,5351435414,Lapsley,Casey,4,3,2021-03-23,
156,5108754224486862,dburras4b@amazon.com,8795945483,Burras,Dianna,1,3,2020-05-29,
157,5108750779873827,apierse4c@simplemachines.org,1117938597,Pierse,Addison,3,1,2022-08-02,2023-02-19
158,5108758496539761,nhubball4d@timesonline.co.uk,1728665511,Hubball,Nehemiah,1,3,2021-08-27,2023-02-21
159,5048371551059031,aancketill4e@dot.gov,3092719858,Ancketill,Althea,4,3,2021-03-17,
160,5048371621606647,hpenhall4f@deviantart.com,4218195525,Penhall,Hugh,1,2,2021-03-04,
161,5108754871492528,overlinden4g@newyorker.com,5029480812,Verlinden,Orland,4,2,2021-11-19,2023-09-24
162,5108756637986974,crooze4h@rakuten.co.jp,9691889006,Rooze,Christel,4,2,2020-09-23,
163,5108756997956872,hpolk4i@wisc.edu,4496618890,Polk,Harwell,4,2,2020-03-03,2024-03-05
164,5048379674635579,lmarris4j@istockphoto.com,2543656049,Marris,Livvy,4,2,2021-04-29,2023-03-07
165,5048375892286419,dkirkham4k@ft.com,3447503664,Kirkham,Delly,2,1,2021-02-10,2024-02-01
166,5048378736953608,dnajafian4l@g.co,7436528328,Najafian,Donella,1,2,2021-03-11,
167,5108757425460867,nelcocks4m@foxnews.com,2769466979,Elcocks,Nevsa,4,2,2022-08-22,2023-09-09
168,5108757793943189,fquadrio4n@over-blog.com,4801595751,Quadrio,Felike,4,2,2021-04-15,
169,5108750031335540,dfehners4o@ustream.tv,3867664323,Fehners,Damita,2,2,2020-11-12,
170,5048373308736101,dscotti4p@adobe.com,7466844288,Scotti,Derward,4,3,2022-09-17,
171,5048372241790860,slippiett4q@bbc.co.uk,7932367411,Lippiett,Susann,3,3,2022-11-14,2023-11-15
172,5108752993106356,cjewson4r@prweb.com,5616212341,Jewson,Cherilynn,2,1,2020-01-03,2024-04-14
173,5048378938129445,rdabinett4s@bloomberg.com,5339527464,Dabinett,Raddy,4,2,2020-01-27,2024-04-18
174,5048379984589755,ashemmans4t@arizona.edu,8742847966,Shemmans,Allard,2,3,2022-04-21,2024-02-02
175,5048373377629674,techallier4u@facebook.com,7549260861,Echallier,Trevar,3,3,2021-08-14,
176,5108757352208115,bpadilla4v@geocities.jp,8865647800,Padilla,Bell,1,1,2021-02-02,
177,5048370544636673,abyrne4w@discuz.net,4744581175,Byrne,Arlyne,3,3,2021-12-15,
178,5108751215607068,rchitham4x@howstuffworks.com,5211279663,Chitham,Ring,2,1,2022-07-24,2024-03-21
179,5048371761135613,jdahl4y@intel.com,8652707746,Dahl,Josefa,4,3,2021-10-07,
180,5108750028821825,lbrockherst4z@constantcontact.com,5153963246,Brockherst,Lorie,3,3,2020-11-16,2024-04-23
181,5048376967413607,wpage50@wisc.edu,3714995502,Page,Waiter,4,1,2021-02-09,2023-11-22
182,5108753556286080,kmartinon51@irs.gov,9209059642,Martinon,Karola,2,1,2021-03-31,
183,5048371225202157,dterne52@weebly.com,9372336245,Terne,Diandra,1,1,2020-01-28,2023-09-07
184,5048374850450331,plombardo53@cyberchimps.com,5402334822,Lombardo,Philbert,3,3,2020-01-22,2024-01-05
185,5108754082307077,pstronghill54@studiopress.com,9704757564,Stronghill,Percy,2,1,2020-03-27,
186,5108750278751086,jjendas55@netscape.com,1719686496,Jendas,Josee,3,2,2020-01-02,2024-01-11
187,5108759968343104,amatyja56@japanpost.jp,4904327606,Matyja,Andros,2,1,2022-01-04,
188,5048370474284395,lcarnew57@stanford.edu,2098828989,Carnew,Liuka,3,2,2021-10-02,
189,5108751229521057,jhryncewicz58@scientificamerican.com,9674823445,Hryncewicz,Jaime,3,1,2022-05-06,2023-03-17
190,5048377349840871,hnattrass59@europa.eu,8367804924,Nattrass,Hortensia,3,3,2020-12-25,2023-05-23
191,5108754578190912,hcurreen5a@about.me,9678023459,Curreen,Hilde,3,1,2021-02-13,
192,5048376198343995,ctatlow5b@about.com,7625506281,Tatlow,Ciel,1,2,2020-11-29,2024-03-05
193,5048373840030955,rlammas5c@gizmodo.com,7045654892,Lammas,Rosalind,2,3,2022-07-29,
194,5108750641925839,cmatzen5d@vkontakte.ru,9823805594,Matzen,Carey,4,2,2021-03-26,
195,5108750446998940,dbrinicombe5e@whitehouse.gov,2762218314,Brinicombe,Desiree,4,1,2021-08-15,
196,5108759905604071,mportman5f@tuttocitta.it,8896211293,Portman,Maitilde,4,1,2021-05-04,
197,5048370191625318,pfollett5g@theguardian.com,6439929442,Follett,Pearl,1,1,2020-06-18,2023-05-31
198,5108751820819355,uchotty5h@godaddy.com,4658651022,Chotty,Ulric,4,3,2020-07-07,2023-12-29
199,5108751275632527,hcasillas5i@ucla.edu,3009100861,Casillas,Huntlee,1,2,2022-05-30,
200,5108754217673831,trobrose5j@myspace.com,2265411457,Robrose,Tricia,2,3,2022-03-19,
201,5048371348284561,swoolis5k@si.edu,3412111714,Woolis,Shurwood,3,3,2020-04-04,2023-07-11
202,5048376404518208,igutierrez5l@wikipedia.org,2028524557,Gutierrez,Isabelita,3,3,2022-10-30,2023-04-26
203,5048372215127180,hmelato5m@ow.ly,6402002292,Melato,Harp,4,2,2020-12-26,2023-10-28
204,5108757108932166,kyude5n@livejournal.com,8948048275,Yude,Kaitlynn,2,3,2020-12-24,
205,5108754043631201,psegot5o@weibo.com,1679842474,Segot,Petronilla,3,1,2020-02-28,
206,5108756844000114,wbendik5p@cbsnews.com,9608975365,Bendik,Werner,2,2,2021-10-26,
207,5108754440604298,kjoinsey5q@unblog.fr,3611867840,Joinsey,Kelley,2,3,2020-04-04,2024-02-24
208,5048375837214518,hforbear5r@hud.gov,6609322419,Forbear,Hinze,2,3,2021-03-09,
209,5048374112355583,abeeton5s@privacy.gov.au,8791762142,Beeton,Algernon,3,1,2022-04-16,2024-06-01
210,5048376037692107,hnickels5t@360.cn,8759024825,Nickels,Hermy,3,1,2020-07-03,2023-03-11
211,5108758119001942,fmcgarrity5u@ft.com,5128608205,McGarrity,Fabian,1,2,2020-06-23,
212,5048373920852856,alyffe5v@princeton.edu,4602405441,Lyffe,Alvira,2,3,2022-12-26,2023-10-03
213,5108752741371112,yklausen5w@springer.com,6202380575,Klausen,Yvon,2,2,2021-11-20,2023-12-19
214,5048372343377574,mdorling5x@globo.com,8949098750,Dorling,Margaux,1,2,2022-09-11,
215,5108752845220850,agirardeau5y@ehow.com,5291801288,Girardeau,Auguste,3,2,2020-08-25,
216,5048371498259744,dbeaby5z@youtube.com,8021482461,Beaby,Dew,1,1,2021-04-26,2023-03-02
217,5108753353067501,lbranni60@si.edu,8573757272,Branni,Livvy,4,1,2022-01-25,
218,5048377468831073,hatty61@imdb.com,5936897402,Atty,Horten,4,3,2020-01-05,
219,5108757707732140,mcompford62@clickbank.net,4322433037,Compford,Moise,1,3,2020-09-24,
220,5048373231262001,ktolliday63@ihg.com,5372617775,Tolliday,Karmen,4,2,2020-04-07,2024-04-05
221,5108756383023436,nduplock64@dailymotion.com,7697830851,Duplock,Nanni,2,1,2021-12-27,2024-05-31
222,5108754334662022,wmosedale65@people.com.cn,8914012740,Mosedale,Win,1,2,2021-01-22,
223,5048376304224600,scaldero66@noaa.gov,1855220397,Caldero,Sheeree,2,1,2020-03-08,
224,5108755182824929,sbehrend67@booking.com,8464269214,Behrend,Sterling,1,1,2021-11-27,2023-05-23
225,5108756322005098,ihavesides68@myspace.com,7103805547,Havesides,Iosep,4,3,2021-07-17,
226,5048379366979731,sdederich69@odnoklassniki.ru,3988859138,Dederich,Silas,2,1,2021-05-26,
227,5048378613844722,mgirodias6a@yahoo.com,7304767435,Girodias,Myrtle,1,3,2020-03-18,
228,5048371825805672,mdaddow6b@mail.ru,2494292548,Daddow,Maurene,1,1,2022-02-22,
229,5048372368678492,ddownage6c@123-reg.co.uk,2155944612,Downage,Dyann,3,1,2021-02-25,
230,5108751953135579,ctallach6d@cyberchimps.com,3004209533,Tallach,Crysta,1,2,2020-08-04,
231,5108751744537869,bseawright6e@msn.com,7448880560,Seawright,Brewer,4,2,2021-04-16,2023-11-08
232,5048376142136404,dlenoir6f@ucoz.com,8624839164,Lenoir,Deanne,2,1,2021-01-10,
233,5048375297265216,kbrook6g@newyorker.com,7856454996,Brook,Kleon,3,2,2020-07-22,2023-08-22
234,5108754796211938,nranner6h@adobe.com,4311959986,Ranner,Nichol,3,2,2021-02-09,2023-09-08
235,5048376568430380,mwestover6i@sina.com.cn,9528328187,Westover,Marianne,2,1,2021-02-05,2023-03-04
236,5048370560238354,afaustin6j@imageshack.us,7953267947,Faustin,Andriette,2,2,2022-12-14,2024-02-28
237,5108756752642287,dblaxeland6k@elegantthemes.com,4698239758,Blaxeland,Dolph,4,3,2020-03-22,
238,5108757597831267,ksteggles6l@redcross.org,7482628586,Steggles,Korney,1,1,2020-12-16,
239,5048374225752486,qmcclenan6m@plala.or.jp,7642327752,McClenan,Queenie,4,1,2021-05-08,2023-08-17
240,5048375330232959,mclementson6n@forbes.com,8414978754,Clementson,Murielle,2,2,2020-02-05,2023-04-22
241,5048379547540741,emonelle6o@mozilla.org,5251810312,Monelle,Edee,1,1,2021-02-24,2023-05-03
242,5108752614966592,jwestmacott6p@mtv.com,3397865636,Westmacott,Janet,1,1,2021-08-14,
243,5108752475589798,cmcleod6q@who.int,3384753614,McLeod,Carey,1,2,2021-12-22,
244,5108754483553378,ishailer6r@fda.gov,9064163523,Shailer,Ingaborg,3,1,2021-12-23,
245,5108752925817369,kmahony6s@youtube.com,7653693850,Mahony,Kerrill,1,3,2020-11-11,2023-08-29
246,5108757970128877,hwillshire6t@cyberchimps.com,5139915314,Willshire,Hoebart,3,2,2020-09-17,2023-05-30
247,5048379965022768,mroache6u@newyorker.com,6934856564,Roache,Magnum,2,2,2022-03-11,2023-11-11
248,5048377211856625,eraimbauld6v@privacy.gov.au,8006704135,Raimbauld,Ermin,2,1,2021-04-03,2024-04-23
249,5048371865057234,kgates6w@prweb.com,3304606728,Gates,Kermie,1,1,2020-04-17,
250,5108751661902476,oporch6x@ning.com,2105401118,Porch,Orson,3,2,2021-05-29,2024-05-06
251,5108757498008833,jbrightie6y@nhs.uk,9536252376,Brightie,Jeff,1,2,2021-09-20,
252,5048373363333679,cgreatrex6z@europa.eu,4855367543,Greatrex,Curran,2,1,2020-09-15,
253,5048371023404724,gfilyushkin70@answers.com,4112177439,Filyushkin,Garnet,4,3,2022-12-11,2023-09-25
254,5048378344023851,jlester71@is.gd,4058278566,Lester,Jeanne,1,3,2020-12-10,2024-01-01
255,5108754991244551,bcrosetto72@weibo.com,8804413139,Crosetto,Bobbee,2,2,2020-02-18,
256,5048370066412453,dbenninck73@reuters.com,1179605833,Benninck,Dyna,4,2,2021-10-08,2024-01-07
257,5108756203724429,roakton74@last.fm,9135827007,Oakton,Raine,3,1,2022-09-01,
258,5108756198581024,tparsisson75@oracle.com,7474624643,Parsisson,Timothee,3,1,2022-10-27,
259,5048370796156842,cgiorgini76@csmonitor.com,8874192611,Giorgini,Cass,2,1,2022-05-27,2023-07-24
260,5108750492241310,lmuddimer77@usgs.gov,7927119680,Muddimer,Loreen,1,3,2020-03-29,
261,5048379776326689,apatington78@bluehost.com,7453579775,Patington,Angel,4,1,2020-12-30,
262,5048375323120682,jdenne79@jiathis.com,9824914377,Denne,Jarrid,3,2,2020-09-21,
263,5048371095492631,dpea7a@pcworld.com,6231589396,Pea,Daile,3,2,2020-06-07,2023-10-21
264,5108750690925565,ksarsfield7b@51.la,4925589988,Sarsfield,Keri,1,3,2021-08-04,2023-08-20
265,5048370308908847,hmcclenaghan7c@wix.com,1339197835,McClenaghan,Hobart,2,1,2021-07-14,
266,5048370275327526,bgarrod7d@youku.com,6782386581,Garrod,Blondelle,4,1,2021-11-24,
267,5108754522826694,gmildner7e@noaa.gov,6019589727,Mildner,Gilberta,2,2,2021-01-16,
268,5048377182887666,jgoldstone7f@prnewswire.com,2723668819,Goldstone,Jordain,4,2,2020-10-31,2023-11-25
269,5108752000798831,wluff7g@icq.com,5124876560,Luff,Willabella,3,3,2022-08-26,2023-08-08
270,5108757587761441,btarling7h@comcast.net,9449562298,Tarling,Brenden,1,3,2020-06-19,2023-11-04
271,5048373171763695,dmaudson7i@ning.com,4087941352,Maudson,Deloris,4,2,2022-04-19,
272,5108757957073294,breadhead7j@last.fm,2991455960,Readhead,Babb,2,3,2022-08-10,
273,5108756079527112,ahuske7k@google.co.jp,7151033822,Huske,Alvera,1,1,2020-05-03,
274,5108759981681217,cgrabiec7l@skyrock.com,4172947507,Grabiec,Connie,1,3,2020-09-01,
275,5108750592874408,ojurgenson7m@homestead.com,9905711633,Jurgenson,Ozzie,2,1,2020-08-14,2023-05-28
276,5108756325892120,epestridge7n@facebook.com,9222496621,Pestridge,Eliot,4,2,2022-02-06,2023-09-10
277,5048372890649714,dhowlett7o@theglobeandmail.com,2774616492,Howlett,Danella,1,2,2020-03-24,
278,5108752533808537,boty7p@stumbleupon.com,7225272327,Oty,Brendon,4,3,2020-10-20,
279,5108758238297868,sandreotti7q@dailymotion.com,6153947448,Andreotti,Shelden,2,2,2021-02-11,
280,5048372822050379,otummasutti7r@netvibes.com,6246466546,Tummasutti,Osborne,1,2,2022-07-31,
281,5048377533941006,lwabersich7s@blogtalkradio.com,8329082467,Wabersich,Lance,4,2,2020-03-14,2023-10-22
282,5108751527416059,khallawell7t@addtoany.com,9406578234,Hallawell,Kellen,4,3,2021-08-11,2023-03-04
283,5048371950226256,cduplantier7u@nih.gov,3046669190,Du Plantier,Carlynne,1,1,2020-04-28,2023-05-09
284,5108755771416871,ebrackpool7v@cbsnews.com,9732187945,Brackpool,Easter,4,3,2021-07-15,
285,5108750896980174,ssimonutti7w@howstuffworks.com,7198435825,Simonutti,Seamus,4,2,2022-04-07,
286,5048374558399228,jdorney7x@fc2.com,8973561604,Dorney,Josee,2,2,2021-08-14,
287,5048373292055682,ckumar7y@diigo.com,2475066516,Kumar,Christin,4,3,2022-10-04,2023-04-11
288,5108752137773590,poldroyde7z@amazon.co.jp,9438713380,Oldroyde,Pammi,4,3,2021-04-10,2023-01-17
289,5108751749079297,tcogswell80@reuters.com,9782242249,Cogswell,Tallie,3,3,2020-02-05,
290,5048374387906235,ecobbe81@mail.ru,9965463863,Cobbe,Eugine,1,2,2022-04-27,2024-04-27
291,5108757977615082,nsheirlaw82@storify.com,6518046881,Sheirlaw,Niles,1,2,2022-03-19,
292,5048371388949107,ftomblin83@sohu.com,9181179618,Tomblin,Forster,4,1,2021-06-24,2024-05-23
293,5048377751822813,jdeerr84@mysql.com,3327474865,Deerr,Jannelle,3,3,2021-12-07,2023-09-18
294,5108756940438069,jmurphey85@narod.ru,7516938146,Murphey,Jervis,4,2,2022-01-27,
295,5108757616911900,mcrichmer86@gravatar.com,1308913070,Crichmer,Melisande,2,2,2021-03-15,2023-11-06
296,5048375352017874,mbrusle87@goo.gl,1153606963,Brusle,Melany,4,1,2022-03-13,
297,5108756592672999,ftribble88@homestead.com,5847764816,Tribble,Freemon,1,2,2021-09-11,
298,5048371779086832,asmeuin89@goo.ne.jp,1286734301,Smeuin,Aurel,4,2,2020-01-23,2023-02-15
299,5048370890819881,splaschke8a@jalbum.net,1854510885,Plaschke,Staford,4,3,2022-11-02,2023-07-17
300,5108753962315986,bsiddeley8b@wunderground.com,5655475737,Siddeley,Base,3,2,2021-02-22,
301,5108751805896600,cmcarthur8c@amazon.co.uk,4438058502,McArthur,Cornelia,2,1,2020-11-19,
302,5048378477028966,cgrzeszczak8d@economist.com,2935766923,Grzeszczak,Charil,4,2,2020-06-08,2023-02-05
303,5108757068147342,gjiroutek8e@loc.gov,7606975835,Jiroutek,Garvy,3,2,2022-03-04,2023-02-14
304,5048377910238588,finkpen8f@seesaa.net,4658296429,Inkpen,Fedora,4,1,2021-07-30,2023-01-09
305,5108755207232355,jdoogood8g@cloudflare.com,6863948050,Doogood,Jesse,1,3,2021-01-12,2023-05-11
306,5048371349214054,groycroft8h@weather.com,6908892930,Roycroft,Gerik,4,2,2021-02-03,2023-01-14
307,5108752096335654,aosheeryne8i@addtoany.com,2348674856,O'Sheeryne,Alexei,2,3,2021-09-27,
308,5048377382148455,mrenfree8j@phpbb.com,3604113573,Renfree,Malinde,2,3,2021-10-21,2024-05-23
309,5048377611180527,hcasero8k@surveymonkey.com,8985445156,Casero,Hayden,2,3,2021-10-11,2023-08-10
310,5048372533262636,gwiskar8l@google.de,5388995175,Wiskar,Guillema,4,1,2022-08-26,
311,5108759382647189,oalbrook8m@ucla.edu,2566033783,Albrook,Octavia,1,1,2020-02-11,
312,5048377909740156,pgrogona8n@spiegel.de,3711862947,Grogona,Pauletta,2,2,2020-06-09,2023-10-14
313,5108752702333705,omcgilvra8o@nasa.gov,1151217632,McGilvra,Odille,4,3,2021-12-28,
314,5108755018224856,bmcconnulty8p@imdb.com,7458203802,McConnulty,Bria,3,2,2021-12-10,
315,5108756525724461,mwillcot8q@skype.com,6221371345,Willcot,Morten,2,1,2021-05-15,
316,5048377907223387,nstanbrooke8r@weibo.com,4591814629,Stanbrooke,Nikolaos,3,2,2021-09-17,2024-05-22
317,5108756592215369,pkunzler8s@hud.gov,3718003804,Kunzler,Page,4,2,2021-05-16,2024-02-15
318,5108754164616528,pantunes8t@ehow.com,4629607252,Antunes,Prinz,4,2,2021-10-04,2024-02-13
319,5108756844673266,dmacskeagan8u@squarespace.com,4372797008,MacSkeagan,Dev,1,2,2020-02-13,2023-10-03
320,5108755100730729,elatliff8v@apache.org,1493155988,Latliff,Emmit,1,3,2020-01-18,2023-11-15
321,5108751150273744,mdulanty8w@unesco.org,9817270802,Dulanty,Mame,4,3,2021-10-07,
322,5048377466639478,bcasper8x@yahoo.co.jp,3999638971,Casper,Bo,4,2,2022-03-13,2023-08-10
323,5048379337802335,mredier8y@baidu.com,3787892060,Redier,Menard,3,3,2022-07-10,
324,5108758253797677,mdelort8z@addtoany.com,6891253894,Delort,Maurene,2,2,2020-01-22,2023-12-07
325,5108754790070934,dmanuelli90@rambler.ru,3865271151,Manuelli,Domeniga,2,2,2020-04-11,2023-05-15
326,5108752856169152,jdassindale91@zdnet.com,7866965268,Dassindale,Jasmine,3,3,2022-05-17,2023-01-24
327,5108751162614893,wwitchalls92@dell.com,7604102295,Witchalls,Wood,3,2,2022-03-21,
328,5048373185738642,sduesbury93@canalblog.com,2437829775,Duesbury,Stu,1,2,2022-06-28,
329,5108751019721958,bmacquire94@pen.io,5997648094,Macquire,Barton,2,3,2022-03-05,2023-08-29
330,5048377614034861,jpaiton95@parallels.com,3127799288,Paiton,Joseito,4,2,2020-08-04,
331,5048379608736758,lwalley96@apple.com,7374414104,Walley,Lothario,4,2,2022-02-27,
332,5048370389235375,ppatroni97@51.la,5834830415,Patroni,Peter,4,2,2021-10-02,2023-02-20
333,5108753973766912,cdavie98@fotki.com,3058092101,Davie,Calv,3,3,2022-01-15,2023-05-02
334,5048374777255441,kphilcott99@ehow.com,4744832021,Philcott,Krystal,3,1,2021-02-08,
335,5108759851991597,cshaw9a@ycombinator.com,1137702990,Shaw,Carny,1,1,2021-01-01,2024-02-17
336,5048379391322295,khaggeth9b@economist.com,7832531511,Haggeth,Kirby,1,1,2022-06-16,
337,5108759299484759,adysert9c@webs.com,9135823982,Dysert,Allayne,3,1,2021-12-01,2024-03-20
338,5048371994677589,mloynton9d@ft.com,1182042635,Loynton,Monti,4,1,2022-02-17,2023-05-02
339,5108758314021570,cniblock9e@rambler.ru,3002005510,Niblock,Clemmie,1,2,2020-11-12,
340,5108754743654834,zmacguffog9f@lycos.com,9438337085,MacGuffog,Zilvia,1,1,2022-02-06,2023-12-28
341,5108759457804210,jgiroldi9g@mapy.cz,5766164816,Giroldi,Jecho,4,3,2020-08-14,2024-05-22
342,5108759178074697,ojanney9h@w3.org,8634140239,Janney,Olivier,1,2,2022-06-30,
343,5048373762937039,jbayldon9i@4shared.com,2112371075,Bayldon,Jocelin,1,2,2022-11-01,2023-05-22
344,5108758517627033,cbenson9j@imdb.com,3582069518,Benson,Callean,1,2,2021-12-17,
345,5048375165720441,bgorwood9k@sciencedaily.com,1801948828,Gorwood,Bobbie,3,3,2020-04-29,2023-11-05
346,5048374898068822,gdooher9l@mail.ru,3876609455,Dooher,Goraud,3,2,2021-09-23,
347,5108752913718256,cputton9m@over-blog.com,1392419011,Putton,Celine,2,1,2022-11-16,
348,5048376510351379,abeadman9n@cnn.com,2933371645,Beadman,Arabela,3,2,2021-09-03,
349,5048376977377891,llauritzen9o@discuz.net,3316276279,Lauritzen,Leon,3,1,2021-08-27,
350,5108755161953798,iruprecht9p@gizmodo.com,9096703572,Ruprecht,Iolanthe,3,1,2022-08-19,
351,5048378199315626,sgouinlock9q@discuz.net,7447924500,Gouinlock,Sidonia,3,1,2022-07-20,
352,5108755884907592,doduane9r@opensource.org,8227521583,O'Duane,Debor,4,3,2020-06-10,
353,5108755177565024,tblazevic9s@state.tx.us,4081269299,Blazevic,Teddie,3,3,2022-06-14,
354,5108755953294823,awrout9t@privacy.gov.au,7365481852,Wrout,Anatollo,2,3,2020-04-16,
355,5048374983882756,dhyatt9u@posterous.com,1271810557,Hyatt,Dania,4,3,2022-03-22,2023-09-03
356,5048379345541222,bdaye9v@altervista.org,4818522057,Daye,Bonita,1,2,2020-09-06,2023-11-29
357,5048375845514214,jmcgovern9w@slideshare.net,1962032528,McGovern,Juliette,4,1,2022-01-10,
358,5048377180872462,amursell9x@flickr.com,3303030789,Mursell,Allys,1,1,2022-02-19,
359,5108756009376127,wjirzik9y@homestead.com,9149774054,Jirzik,Wilmar,3,1,2022-10-03,
360,5108752910389333,givanishin9z@sogou.com,6083656355,Ivanishin,Gloria,2,1,2020-05-02,2023-06-17
361,5108755841068850,cgoodbarnea0@spotify.com,7179077133,Goodbarne,Celesta,4,3,2021-05-15,
362,5108757436411560,gartissa1@google.co.jp,6389503957,Artiss,Gipsy,1,1,2022-03-14,2024-04-28
363,5108751917359422,toaksa2@unc.edu,1508397025,Oaks,Terrye,4,3,2021-03-25,
364,5048379731237294,pyaldrena3@weebly.com,1921198435,Yaldren,Pail,3,3,2022-11-03,
365,5108756318374045,aarniza4@scientificamerican.com,3766005643,Arniz,Avie,1,1,2021-06-18,2024-04-04
366,5048372786915013,hplaidea5@wordpress.com,8339567123,Plaide,Harrison,2,1,2020-03-17,2023-12-04
367,5108755091196922,bmcalestera6@bizjournals.com,6617973162,McAlester,Blancha,2,3,2021-01-23,2023-08-06
368,5108757883196771,anowlanda7@newyorker.com,8332738241,Nowland,Albertina,4,3,2022-01-06,
369,5108754928654294,cstoppera8@nsw.gov.au,7468501080,Stopper,Carry,1,3,2020-03-02,
370,5108757567409250,cleafea9@illinois.edu,6227144098,Leafe,Clare,4,3,2020-11-26,2024-05-30
371,5108754238390662,shawyesaa@delicious.com,4855078629,Hawyes,Shantee,3,2,2021-03-01,2024-04-21
372,5048374502506936,kespieab@dot.gov,1542776326,Espie,Kathrine,1,2,2020-04-03,
373,5048373812752644,jburrasac@de.vu,9371248471,Burras,Jessie,2,1,2022-08-27,
374,5048378135341561,tbardead@elpais.com,7801504372,Barde,Tab,4,1,2022-12-16,2023-03-23
375,5048375198625831,wedsonae@tamu.edu,1457130463,Edson,Wye,2,3,2022-01-10,
376,5048379120188348,kketchaf@technorati.com,3871636759,Ketch,Kathi,3,2,2022-11-03,
377,5108755921879655,ghandfordag@joomla.org,7702603898,Handford,Gery,2,2,2020-08-28,
378,5048374782532867,rcripleah@dmoz.org,4856908765,Criple,Ronny,2,1,2021-09-10,
379,5048372346510106,nrassellai@sourceforge.net,9038517560,Rassell,Niki,2,1,2021-01-24,
380,5108757393868802,dklyneraj@bigcartel.com,6526968863,Klyner,Dot,2,2,2020-11-05,2023-07-19
381,5108752073164440,dborhamak@uol.com.br,6848320449,Borham,Davie,2,1,2021-06-21,
382,5048376490593065,mcasserleyal@jimdo.com,2327193832,Casserley,Mellisa,3,3,2021-04-10,
383,5048376677973619,lsomersam@blogs.com,7045589309,Somers,Linnie,3,1,2021-03-29,
384,5108750337700850,gmearingan@harvard.edu,7144922322,Mearing,Graham,3,2,2021-04-28,2023-04-08
385,5048377120217083,tlinsterao@mysql.com,1406494280,Linster,Theresita,3,3,2020-12-21,
386,5108757730174690,mbourgesap@pen.io,7911891648,Bourges,Michele,1,1,2020-06-30,2023-07-06
387,5048374388213508,tmcgeraghtyaq@google.ru,8804918114,McGeraghty,Traci,1,3,2021-06-22,
388,5108758110334086,sskillandersar@51.la,7911790424,Skillanders,Selinda,2,3,2021-12-30,2023-08-09
389,5108759885820911,cebbittas@ow.ly,4874431526,Ebbitt,Cord,1,1,2021-12-19,2023-03-23
390,5048378570548076,gbetancourtat@yahoo.com,3709402310,Betancourt,Geralda,3,2,2022-02-07,2023-02-19
391,5048371711788131,barraultau@nsw.gov.au,2272827395,Arrault,Blair,1,2,2022-04-16,2023-12-10
392,5108754213616826,ktarbetav@ehow.com,5667569341,Tarbet,Kaylee,2,1,2022-10-12,
393,5108757187100529,mmackeeaw@acquirethisname.com,5802004771,MacKee,Micheal,1,3,2022-04-26,2024-05-20
394,5108759001577080,ddreganax@virginia.edu,5858818522,Dregan,Dahlia,4,1,2020-12-31,2024-05-14
395,5048372346061878,rlangshaway@marketwatch.com,7382918282,Langshaw,Raven,2,1,2022-12-06,
396,5048379457125350,thaycoxaz@usatoday.com,5864079493,Haycox,Tiphany,3,3,2020-02-07,
397,5108752430019303,gpeaseyb0@nifty.com,7718336073,Peasey,Gabie,2,1,2020-11-01,
398,5048377792366184,mcarbinb1@sciencedirect.com,6608447352,Carbin,Minny,1,2,2022-07-14,2024-05-28
399,5108751380204121,pmussardb2@last.fm,8228894871,Mussard,Philly,1,2,2021-03-15,2024-02-25
400,5048377368237264,fsamartb3@indiegogo.com,3215386670,Samart,Fergus,2,2,2021-04-30,2024-01-20
401,5048373708557214,cchatbandb4@123-reg.co.uk,7859507725,Chatband,Creight,2,3,2022-04-27,2023-05-03
402,5108759155709984,ohousbyb5@usgs.gov,5096741977,Housby,Olwen,1,2,2020-01-01,
403,5108753109670368,dallmondb6@unc.edu,5535401575,Allmond,Dalia,2,3,2021-06-18,
404,5108758735641964,asharremb7@mediafire.com,8502693666,Sharrem,Adriane,2,3,2021-03-26,
405,5048372513545273,lshillabeareb8@unc.edu,8882470761,Shillabeare,Lonny,3,2,2022-05-15,2023-10-29
406,5048379575368965,gcouronneb9@squidoo.com,3679850264,Couronne,Giff,3,3,2020-03-03,2024-03-08
407,5108752364610556,scordeauba@woothemes.com,4361493190,Cordeau,Sheba,1,2,2022-06-25,
408,5108753586240883,bhamsherbb@army.mil,5468046274,Hamsher,Bobette,4,2,2020-01-30,
409,5108752127634380,gcowderybc@dmoz.org,5481994781,Cowdery,Gennifer,3,1,2021-06-12,
410,5048372517872848,rrichardinbd@squidoo.com,7615524594,Richardin,Rossie,4,3,2020-03-18,2024-01-01
411,5108759723995867,nswinyardbe@de.vu,8624011852,Swinyard,Norean,1,1,2020-08-30,
412,5048375718204463,ilampensbf@google.pl,9475826392,Lampens,Izak,1,2,2020-12-19,
413,5108750785774589,rhallockbg@sciencedirect.com,4256938174,Hallock,Ritchie,2,1,2020-07-11,2024-04-16
414,5048379484932943,tgouldthorpbh@woothemes.com,9453375430,Gouldthorp,Traver,1,3,2021-04-09,2023-10-31
415,5048379208117037,gdarwenbi@fc2.com,3913227167,Darwen,Garnet,3,2,2022-12-15,
416,5108751370846873,avignebj@google.com.hk,5263565107,Vigne,Auberta,4,3,2021-09-30,
417,5108756391071864,tcecchetellibk@vkontakte.ru,5044325527,Cecchetelli,Trisha,4,3,2021-03-07,2023-08-27
418,5048371649957972,kpretobl@github.com,2955728766,Preto,Keane,4,1,2022-08-24,
419,5048376372269446,ccoadebm@twitter.com,2393157699,Coade,Cleopatra,4,1,2021-10-24,2023-03-14
420,5048374171473228,pstridebn@desdev.cn,1799025305,Stride,Peta,3,2,2020-05-24,2023-11-27
421,5048370891690224,cavesquebo@kickstarter.com,6128581481,Avesque,Cletis,1,3,2020-11-01,2023-10-07
422,5108759089565569,eshearmanbp@desdev.cn,9498773991,Shearman,Eliot,2,1,2021-01-20,
423,5108750911724532,mbowmenbq@exblog.jp,6262386933,Bowmen,Marney,3,3,2021-02-07,2023-10-01
424,5048376134826400,athrustlebr@xing.com,9357746761,Thrustle,Augustin,2,3,2020-06-28,
425,5048374240153090,rdelaneybs@bloomberg.com,2252634913,Delaney,Randie,4,2,2021-11-17,
426,5108750321111593,kbusenbt@ycombinator.com,1253513954,Busen,Kenna,3,1,2020-01-23,2023-01-08
427,5048372455667044,csaurinbu@bbb.org,1889493402,Saurin,Cissy,4,2,2022-03-17,2023-05-16
428,5108754658101656,cbaignardbv@pagesperso-orange.fr,7565159853,Baignard,Connie,1,1,2020-01-03,
429,5108757835448791,bsentonbw@hibu.com,9442198956,Senton,Byron,3,2,2021-02-11,
430,5108757490634438,cmcdermidbx@google.co.uk,8871925314,McDermid,Carrie,2,1,2021-01-14,
431,5048377285829862,ccogleyby@admin.ch,6047767026,Cogley,Cristobal,4,1,2022-02-03,2023-05-12
432,5048372374104731,idonnellbz@biblegateway.com,2995738970,Donnell,Isis,2,1,2022-12-02,2024-01-19
433,5048379459004470,eaudryc0@biglobe.ne.jp,5748511168,Audry,Eudora,1,3,2020-07-24,2023-09-24
434,5048378034540222,smattusovc1@joomla.org,1615020848,Mattusov,Star,3,1,2021-02-11,
435,5048377353842557,dbulfordc2@cisco.com,3706655088,Bulford,Dorthea,2,2,2020-04-22,
436,5048378858285912,bmusgravec3@deviantart.com,1325998453,Musgrave,Bartlet,1,2,2021-08-25,
437,5048375217020956,uolivac4@ted.com,1578476840,Oliva,Urbano,2,3,2021-09-19,2024-01-25
438,5048370207970641,jmennellc5@baidu.com,2962539861,Mennell,Jay,3,1,2021-11-01,2023-03-17
439,5048371394156762,bjurickc6@i2i.jp,4244845161,Jurick,Bobbette,1,3,2020-07-23,2023-10-04
440,5048376811848537,jshanahanc7@xing.com,6497105509,Shanahan,Jeddy,3,2,2020-09-08,2023-04-24
441,5048371583799612,jalexsandrovichc8@mtv.com,8909773411,Alexsandrovich,Jackquelin,2,3,2022-04-12,
442,5108759449203729,wmeffenc9@nps.gov,9386147378,Meffen,Waite,2,2,2022-12-12,
443,5048379600178579,mjarnellca@loc.gov,1334740401,Jarnell,Marylynne,3,3,2022-08-03,
444,5108751992044063,aheinercb@apache.org,8419215685,Heiner,Alexine,2,1,2022-03-18,2023-07-30
445,5048375393611594,edmitrievskicc@patch.com,3864757020,Dmitrievski,Elna,3,2,2022-04-30,
446,5048372570338778,lcostecd@skyrock.com,9052817262,Coste,Leoline,2,3,2020-12-19,2023-08-26
447,5048370896790128,mthompsonce@amazon.co.uk,1269418102,Thompson,Marlowe,2,2,2020-10-03,
448,5048377706652323,alobleycf@slashdot.org,7949848744,Lobley,Arlyn,4,1,2020-08-24,2023-03-10
449,5048370728242819,arubinszteincg@google.ca,3057587337,Rubinsztein,Arty,3,3,2022-06-11,
450,5108752716884271,lputtch@ebay.co.uk,3739681711,Putt,Lawton,4,1,2021-12-04,
451,5108759273565599,menglefieldci@lycos.com,3103763826,Englefield,Mart,4,1,2020-02-20,
452,5108758015546198,amaccrachencj@java.com,1457210084,MacCrachen,Alic,2,2,2022-09-17,2023-05-15
453,5048379953697803,jblacksellck@zdnet.com,7698430853,Blacksell,Jessie,1,3,2022-04-12,2023-01-31
454,5108757870962581,lassoncl@nytimes.com,7675920085,Asson,Lindsay,1,1,2022-04-29,2023-10-30
455,5108758515300831,agochercm@pbs.org,8735473507,Gocher,Arlan,2,1,2022-07-12,2023-03-29
456,5048372296434752,smoloneycn@fc2.com,3405633005,Moloney,Saw,1,3,2021-11-18,2023-10-11
457,5048379076675413,tbeeswingco@nydailynews.com,2358095337,Beeswing,Thalia,4,3,2021-01-20,
458,5108759783815732,alagecp@cnn.com,6631739076,Lage,Aguste,4,1,2022-12-26,2023-10-28
459,5048370143396513,eszymczykcq@ft.com,9199572224,Szymczyk,Ezequiel,2,1,2020-08-02,2024-05-27
460,5108758820985870,vhellmercr@studiopress.com,8103294698,Hellmer,Viole,3,2,2021-08-20,2024-05-22
461,5048374540638543,edaniloviccs@dedecms.com,7713055522,Danilovic,Ennis,2,2,2020-12-01,
462,5108758415822025,cdennisct@biglobe.ne.jp,1701770392,Dennis,Carly,4,1,2021-03-10,
463,5048371211435324,spiffcu@va.gov,9177839464,Piff,Shelba,2,1,2021-05-17,2023-11-08
464,5108750978160349,pmaliacv@cargocollective.com,6812330968,Malia,Paloma,4,3,2022-05-16,2024-01-31
465,5048370614842342,jdurandcw@aol.com,9021483374,Durand,Julianna,4,3,2021-11-05,2024-05-31
466,5048372370559870,rmizzicx@vistaprint.com,3665965895,Mizzi,Ryon,4,1,2020-11-03,
467,5108754375468354,wdufourecy@trellian.com,4738874346,Dufoure,Willie,4,3,2022-10-31,
468,5108752333310031,hchisnallcz@csmonitor.com,6619441353,Chisnall,Hubey,2,2,2021-12-21,2023-12-17
469,5108755017873372,adanilovd0@sohu.com,3709517542,Danilov,Abby,1,2,2021-01-14,
470,5048373402020881,pjouhningd1@ameblo.jp,7996055478,Jouhning,Pearl,4,2,2021-03-28,
471,5048379099363294,bgallierd2@behance.net,5966972408,Gallier,Bayard,3,2,2020-01-23,2023-07-10
472,5048372054235110,amartusewiczd3@wired.com,7106958908,Martusewicz,Alys,2,2,2020-01-19,
473,5108751626129215,fstirripd4@statcounter.com,1029361932,Stirrip,Fernandina,3,2,2022-02-14,
474,5108752391184344,kdumsdayd5@ovh.net,1943786701,Dumsday,Katherine,3,2,2022-01-31,
475,5108757021500074,jwogand6@adobe.com,3667687313,Wogan,Jorge,1,1,2020-12-25,2023-10-04
476,5048374365097130,afranceschd7@adobe.com,4806291547,Francesch,Arty,1,1,2022-06-30,2024-02-13
477,5108751340977931,sloweyd8@prlog.org,5847277678,Lowey,Syd,3,1,2020-08-18,
478,5048376327578917,emionid9@netvibes.com,4271964681,Mioni,Elva,2,1,2020-08-11,2023-07-26
479,5048376016595446,vberesforeda@imdb.com,8297103728,Beresfore,Vernon,3,3,2022-04-21,2024-05-26
480,5048375854258141,mhuisondb@jalbum.net,7837873246,Huison,Maryjo,1,3,2020-05-04,
481,5108751781629769,candrysekdc@mapy.cz,7938516775,Andrysek,Cyril,3,3,2022-02-12,
482,5108755513293794,oparkmandd@bizjournals.com,7369514630,Parkman,Octavia,1,2,2021-06-24,2023-11-05
483,5108750828573121,fmantde@yahoo.co.jp,4099135371,Mant,Felice,4,1,2022-06-27,2023-09-12
484,5108756361052092,gberthomieudf@odnoklassniki.ru,3289583440,Berthomieu,Guenevere,2,1,2021-12-17,
485,5048373781499417,mcomettoidg@hhs.gov,4171552840,Comettoi,Magdalena,2,3,2021-11-08,2023-04-28
486,5048370666679550,rsizeydh@toplist.cz,1963773453,Sizey,Roy,2,2,2020-06-15,
487,5048374739573261,hfeakedi@skyrock.com,2236814135,Feake,Helsa,1,3,2022-08-23,2024-02-21
488,5108756740500928,gwallworthdj@exblog.jp,4733118664,Wallworth,Guillaume,1,3,2022-02-05,
489,5108754219506567,tbarzendk@pinterest.com,3603838091,Barzen,Terrance,2,1,2021-11-07,
490,5048376578486240,ccrabtreedl@geocities.jp,7056520022,Crabtree,Cthrine,1,2,2022-07-02,
491,5108759759161483,mpenquetdm@canalblog.com,9212204363,Penquet,Massimiliano,3,3,2020-04-19,
492,5048375480142016,dupcottdn@parallels.com,4158826100,Upcott,Didi,3,1,2021-12-03,
493,5108759605901850,omullydo@umich.edu,2484875712,Mully,Olivier,4,2,2020-01-01,2024-01-13
494,5108751883232280,dwhymarkdp@parallels.com,9266007276,Whymark,Darryl,4,1,2021-05-03,
495,5048378656667444,bdogetdq@g.co,2258494110,Doget,Brigid,4,1,2021-05-22,
496,5048373221760824,bwillsheardr@sun.com,4228706727,Willshear,Benedetta,2,2,2022-10-18,2023-09-08
497,5108756515229703,pganfordds@constantcontact.com,9939000339,Ganford,Pierre,3,3,2022-06-03,2024-03-12
498,5108756140110757,fchaucerdt@qq.com,8285594034,Chaucer,Faith,1,1,2022-03-20,
499,5048376278081374,eedinburoughdu@vinaora.com,1855372194,Edinburough,Egan,3,2,2021-04-20,2023-02-12
500,5108756814228398,gnursedv@ebay.co.uk,8306977701,Nurse,Gare,3,2,2020-08-25,2023-06-29
501,5048376181299865,ldimanchedw@elegantthemes.com,3565106642,Dimanche,Lawry,2,1,2020-11-25,
502,5108759779422881,schartedx@topsy.com,2336095104,Charte,Sheela,4,1,2022-11-23,2023-02-02
503,5108753998828168,adavidoviczdy@discovery.com,4268688187,Davidovicz,Anders,2,2,2020-12-09,
504,5108755848736640,bmacfadyendz@fema.gov,7955553376,MacFadyen,Blanch,3,1,2022-05-12,
505,5048373559874031,callicocke0@wordpress.com,6993106318,Allicock,Clerc,1,2,2021-05-24,
506,5048373568209369,aplayfoote1@jimdo.com,7141475501,Playfoot,Adoree,2,2,2020-09-06,2023-11-15
507,5048377069579527,vswanniee2@weibo.com,9118252840,Swannie,Valerye,1,1,2021-02-13,
508,5048376551558445,kiianone3@mayoclinic.com,3607363943,Iianon,Korella,3,1,2020-08-18,
509,5048374299756603,slabese4@purevolume.com,9844742187,Labes,Shannen,4,3,2022-07-06,2023-07-10
510,5048373961414608,slameye5@cbsnews.com,5006854732,Lamey,Shelli,1,1,2020-01-05,
511,5108756146177842,ldonohuee6@yahoo.co.jp,8775568059,Donohue,Levy,4,1,2022-03-14,2023-04-19
512,5108751062991375,tjosefse7@bloomberg.com,4836742788,Josefs,Tim,3,3,2022-05-28,2023-03-04
513,5048374903985515,dogianye8@uol.com.br,8604721524,O'Giany,Darci,3,3,2022-06-30,2024-06-05
514,5108756653565488,wbramhille9@yahoo.com,3259414447,Bramhill,Winslow,1,2,2022-03-25,2023-02-25
515,5048371577917402,whaugheyea@spiegel.de,6507849024,Haughey,Willdon,2,1,2022-09-14,
516,5108756169209001,rkeeneyeb@latimes.com,1434733887,Keeney,Raymund,2,1,2022-02-07,
517,5108754029529627,dsennec@163.com,8201734307,Senn,Doris,1,1,2020-08-02,2024-06-03
518,5108753024590683,dwaltoned@rambler.ru,3445555493,Walton,Dew,2,2,2020-03-29,2024-01-21
519,5048373273353049,kwillisonee@cnet.com,8525158317,Willison,Kordula,2,1,2020-06-28,
520,5108752695017356,bemeryef@businessinsider.com,2128236867,Emery,Burty,3,1,2020-02-06,
521,5108754896097187,rweineeg@google.de,7202601268,Weine,Randolph,1,2,2021-06-02,
522,5108754534424488,fslidderseh@dell.com,7703597213,Slidders,Ford,4,1,2022-08-17,2023-04-23
523,5108755898154884,ebettonei@devhub.com,9586215459,Betton,Ethelda,2,3,2021-08-29,2023-10-27
524,5108753423017411,bcorbenej@biblegateway.com,7216998382,Corben,Bird,2,1,2022-06-19,2023-12-02
525,5108759628854730,traimanek@psu.edu,9423302866,Raiman,Tammara,1,1,2022-07-28,2023-08-28
526,5048372127857759,nchannonel@mysql.com,1789948298,Channon,Nikoletta,4,2,2020-05-11,2023-08-02
527,5048372241025903,dbarwackem@ucla.edu,6993831505,Barwack,Daniela,1,2,2020-01-17,2024-02-02
528,5108751501942724,nhayhowen@tinypic.com,5146415901,Hayhow,Nissa,4,2,2022-07-29,
529,5108753006404960,ccleatheroweo@cnn.com,4429516902,Cleatherow,Carmelle,3,3,2020-01-03,2023-11-28
530,5108758155407177,cthiesep@booking.com,9282848481,Thies,Cristionna,2,3,2021-04-04,
531,5108759553788283,fsevioreq@blogs.com,6214810302,Sevior,Frederigo,1,3,2021-01-25,2024-01-09
532,5108751110710108,svillageer@1und1.de,7027521221,Village,Simmonds,1,2,2022-04-21,2023-11-08
533,5108759389295560,cmacfaules@slideshare.net,4715139620,MacFaul,Cy,1,3,2020-12-23,2024-04-10
534,5048376978830583,eturgooseet@goo.ne.jp,4923557398,Turgoose,Erie,1,1,2021-02-18,2023-05-29
535,5108752830478059,aguyseu@wikispaces.com,4259427436,Guys,Al,4,3,2020-12-31,2024-03-08
536,5048379406246372,msommertonev@psu.edu,1434096043,Sommerton,Mae,1,2,2020-09-10,2023-08-23
537,5108754432276246,bmingauldew@dedecms.com,8368349054,Mingauld,Blaine,2,3,2022-12-26,
538,5108756339509819,ghendrikex@tiny.cc,6276074986,Hendrik,Gwennie,1,3,2022-11-05,
539,5048376509727597,fbainbriggeey@bizjournals.com,5345451724,Bainbrigge,Florenza,1,2,2022-12-22,2023-02-01
540,5108757450707224,ahansanaez@weebly.com,8999333267,Hansana,Aguie,4,2,2021-01-23,2023-04-07
541,5108752155207042,gneevesf0@weather.com,6883954095,Neeves,Ginni,2,3,2020-01-07,
542,5108757780315052,uprimakf1@flickr.com,9161705507,Primak,Ulises,2,1,2020-03-02,2023-09-25
543,5108756406584695,jlivettf2@furl.net,2964363303,Livett,Jennica,2,3,2020-07-15,
544,5108750717912992,hpettisallf3@homestead.com,1536724298,Pettisall,Hatti,3,2,2021-09-18,2023-06-26
545,5108759676924633,bhambeltonf4@ft.com,7486575041,Hambelton,Blinny,3,1,2021-04-03,2024-01-20
546,5108754953869973,nlovingf5@tamu.edu,4751108243,Loving,Noby,1,2,2021-05-18,2024-05-09
547,5108759613901629,fruddimanf6@reuters.com,2229203820,Ruddiman,Frasquito,4,3,2020-04-26,
548,5048377316293393,shanmoref7@ifeng.com,6778512605,Hanmore,Samaria,4,1,2020-07-06,
549,5108753063058188,dbinglef8@wordpress.com,6728063647,Bingle,Dedra,2,2,2022-08-16,2024-04-14
550,5108753465131302,smeininkingf9@squidoo.com,5479182123,Meininking,Sharleen,4,1,2020-09-07,
551,5048370229654256,cmocherfa@blogger.com,5183020758,Mocher,Corrianne,1,1,2022-08-06,
552,5108756954396989,cbartholatfb@auda.org.au,8383610251,Bartholat,Cece,3,3,2022-10-13,
553,5048370179538251,sheightonfc@a8.net,1491435868,Heighton,Stephenie,3,1,2020-03-28,
554,5108758628258843,bhumfd@cnet.com,7941091868,Hum,Beck,2,2,2020-12-31,
555,5048372669738409,smaybeyfe@chronoengine.com,5381970192,Maybey,Sayres,1,2,2020-10-15,2024-04-29
556,5108759654511121,nbowersff@dot.gov,8335621341,Bowers,Neal,2,2,2020-03-23,
557,5108754389724594,ehoferfg@samsung.com,8678091898,Hofer,Ewan,2,1,2020-02-18,2023-12-05
558,5108757148789501,ategellerfh@imdb.com,7067811865,Tegeller,Alain,1,3,2021-09-05,2024-03-31
559,5048371500240344,bsoeirofi@statcounter.com,4903616525,Soeiro,Bliss,2,3,2022-09-08,
560,5108751501034191,echettlefj@gizmodo.com,1783004194,Chettle,Eryn,2,3,2021-09-20,
561,5048370575678222,mallibanfk@cornell.edu,5582684841,Alliban,Milly,1,2,2021-10-07,2023-01-13
562,5048375865809346,csimnerfl@istockphoto.com,8553040216,Simner,Cristy,3,3,2022-05-24,2024-01-08
563,5048377151259715,pduffieldfm@about.me,9416747575,Duffield,Prent,4,1,2022-10-18,2023-07-04
564,5048372712199542,khuglandfn@simplemachines.org,2247942679,Hugland,Kyle,1,3,2022-02-13,
565,5048373701959482,kzapatafo@economist.com,5948715562,Zapata,Kary,2,3,2022-07-06,
566,5108757421780433,tcarabinefp@sciencedirect.com,7474190719,Carabine,Tad,1,3,2022-09-11,2023-12-30
567,5048379639200717,cobrallaghanfq@com.com,1679886968,O'Brallaghan,Coralie,3,2,2021-09-24,
568,5108756176852298,cczyzfr@issuu.com,6769224190,Czyz,Carey,4,3,2020-05-31,2023-02-13
569,5108751229110885,tnormanvillefs@webs.com,8143327256,Normanville,Tova,3,2,2020-03-28,2023-03-04
570,5048370836786673,jmccoughanft@nasa.gov,4438020886,McCoughan,Jennica,2,1,2020-05-11,
571,5108752710034220,gcrampfu@studiopress.com,1181656099,Cramp,Glynnis,2,3,2022-03-20,
572,5048372959153111,hgorssefv@youtube.com,5037082899,Gorsse,Henrietta,4,2,2020-11-24,
573,5048370690976337,bbracherfw@cafepress.com,6792680937,Bracher,Britteny,3,2,2020-08-31,2023-03-19
574,5048371221647868,lstellinfx@admin.ch,6502506013,Stellin,Lotty,4,2,2021-01-29,2023-09-19
575,5108759901697061,molmanfy@odnoklassniki.ru,4287388939,Olman,Mic,2,3,2021-07-12,2023-03-03
576,5048379874920417,kwhardleyfz@reverbnation.com,8335115485,Whardley,Kelly,2,3,2022-02-15,2023-07-23
577,5048370528701113,kwadelingg0@nasa.gov,9902074211,Wadeling,Kristine,4,3,2022-01-02,2024-04-24
578,5108758371003354,gtargetterg1@npr.org,3034451138,Targetter,Ganny,4,3,2022-04-10,2023-06-14
579,5108750715118758,mgrisdaleg2@amazon.co.uk,3169283433,Grisdale,Marcella,3,2,2020-02-21,
580,5048373965922101,hfullerdg3@goo.gl,2164901730,Fullerd,Hulda,2,1,2020-11-02,
581,5048374771084219,bwimpennyg4@mapy.cz,1999044488,Wimpenny,Becky,4,1,2020-12-12,
582,5108758983628812,cdescoffierg5@virginia.edu,3023644758,d'Escoffier,Cherise,4,3,2021-07-22,2024-05-16
583,5108759343039625,eziemeng6@discuz.net,8435283993,Ziemen,Eugenie,2,3,2021-07-20,2023-11-10
584,5108754507819938,tbillyealdg7@printfriendly.com,3297598113,Billyeald,Terrijo,4,3,2021-12-26,2024-05-24
585,5108754387745708,mfarrarg8@1und1.de,2547830965,Farrar,Millie,2,3,2021-03-21,
586,5108757626574094,coccleshawg9@nba.com,1623815749,Occleshaw,Cristobal,2,3,2020-09-23,
587,5048378698245563,ibushillga@time.com,5643631435,Bushill,Izak,1,2,2020-08-26,2024-04-10
588,5048375352705486,npapengb@uol.com.br,5712111959,Papen,Nola,3,3,2020-11-27,2023-12-19
589,5108750203449244,mjouanetongc@who.int,2964689572,Jouaneton,Missy,1,2,2020-10-15,
590,5048379253716477,mvanderhovengd@mit.edu,3607679650,Van der Hoven,Maddie,2,1,2020-08-16,2024-01-02
591,5108752103987976,lmckevanyge@cocolog-nifty.com,8731120687,McKevany,Luz,2,1,2020-06-17,
592,5108759134181396,gmcowengf@w3.org,5617026455,McOwen,Geoff,3,3,2022-04-26,
593,5048374093115212,kheatlygg@nbcnews.com,5938886938,Heatly,Kerwinn,4,3,2020-01-23,
594,5048378126673428,creichhardtgh@admin.ch,7237134295,Reichhardt,Crin,3,3,2022-09-03,
595,5108756322806859,wheildsgi@posterous.com,1828756972,Heilds,Willie,3,3,2021-08-27,2024-02-23
596,5108757246387190,mrattgj@hhs.gov,2431564547,Ratt,Melinde,3,2,2020-11-17,
597,5108759247759757,nclimogk@npr.org,5733269902,Climo,Natasha,4,2,2021-05-02,
598,5108758046003508,omccaughangl@japanpost.jp,4583257818,McCaughan,Othilia,4,2,2021-10-01,2024-03-06
599,5108755016076878,pgregolottigm@wp.com,8349859240,Gregolotti,Patricio,2,1,2020-08-23,
600,5108750467164414,aoneillgn@phpbb.com,7588791483,O'Neill,Annamarie,1,1,2020-01-23,2023-03-25
601,5048371827853076,fcollocottgo@wikipedia.org,3489047209,Collocott,Fidole,3,1,2021-06-16,
602,5108757995860934,vmctrustamgp@google.es,9175826727,McTrustam,Vail,3,1,2021-05-28,
603,5048376526203424,ewinsergq@mediafire.com,5431419585,Winser,Emmit,2,2,2021-10-25,2023-12-08
604,5108754304142260,ayusupovgr@bigcartel.com,1071456395,Yusupov,Althea,2,2,2022-10-06,2023-01-13
605,5048376699109515,bmacevillygs@who.int,9769689109,MacEvilly,Brittne,2,3,2022-12-04,
606,5108750881303804,lbothwellgt@reddit.com,1588592733,Bothwell,Lissa,4,2,2022-05-17,
607,5108757162879683,cgellinggu@issuu.com,1843832380,Gelling,Caryl,3,3,2022-05-17,2023-07-27
608,5108750002663649,makermangv@macromedia.com,5472418662,Akerman,Mariquilla,2,2,2022-12-05,2023-09-14
609,5048378526047355,lpiotrkowskigw@ed.gov,7123839119,Piotrkowski,Lorettalorna,1,2,2021-02-09,2023-01-03
610,5108756684043810,cleifergx@imdb.com,3426216177,Leifer,Corbett,4,3,2022-10-02,2023-10-31
611,5108754530409640,mjonczykgy@usgs.gov,4494560910,Jonczyk,Misti,2,2,2021-01-31,2023-11-05
612,5048375700722753,ddaddgz@bandcamp.com,3557077064,Dadd,Demetris,1,2,2022-03-21,
613,5108758726370763,imackimh0@freewebs.com,8466052185,MacKim,Isidoro,3,2,2020-06-04,
614,5048377759135556,olovekinh1@purevolume.com,8354430874,Lovekin,Odelinda,1,3,2021-04-13,2023-12-25
615,5108751695751956,hchallenorh2@oracle.com,9694493772,Challenor,Holli,1,2,2022-08-24,2024-02-23
616,5108758760853518,ccharplingh3@harvard.edu,7584698062,Charpling,Cletis,3,3,2021-07-13,2023-07-19
617,5048371303097768,taytoh4@deviantart.com,7996650252,Ayto,Tommi,1,1,2021-08-15,
618,5108756875818863,krojelh5@artisteer.com,7947210360,Rojel,Kaye,1,1,2020-11-30,
619,5048379644813538,tkendredh6@army.mil,1662451797,Kendred,Tynan,3,1,2022-11-04,2023-03-23
620,5048377412254299,schaudhryh7@nba.com,3323336561,Chaudhry,Sondra,4,1,2021-05-22,
621,5108753207597109,dcolleth8@gravatar.com,6571335930,Collet,Delmar,4,1,2020-12-12,
622,5048375460137606,vhastwallh9@omniture.com,3952659243,Hastwall,Vin,1,1,2022-01-12,2023-03-30
623,5048375405039560,swreightha@blogtalkradio.com,7332603816,Wreight,Sybil,3,2,2021-01-08,
624,5048370407908623,misacqhb@tripadvisor.com,5781757698,Isacq,Mirabel,1,2,2021-12-07,
625,5048373779664600,fquaylehc@ehow.com,4831380942,Quayle,Florentia,3,2,2021-08-13,2023-01-19
626,5048379711082504,rleggatthd@drupal.org,5316767520,Leggatt,Ricca,1,3,2021-11-13,2023-03-07
627,5048375651527458,wnovotnahe@bluehost.com,6764116181,Novotna,Wendeline,1,3,2022-07-12,
628,5048371320441213,hscollardhf@naver.com,3134856933,Scollard,Harv,4,2,2021-01-07,
629,5108759317960236,bvasilehg@answers.com,8699697943,Vasile,Belinda,2,1,2020-09-01,2024-05-26
630,5048373785537212,probilliardhh@mtv.com,2485921259,Robilliard,Parke,1,1,2021-11-05,2023-03-24
631,5108757992343140,acocklinhi@delicious.com,4672342361,Cocklin,Ada,2,3,2020-11-18,2023-08-21
632,5048370587013855,gyeldenhj@google.com.hk,1231621062,Yelden,Gael,2,3,2021-03-25,2023-05-02
633,5108750531396695,dmcpharlainhk@webeden.co.uk,6789964610,McPharlain,Dyanna,1,3,2021-11-09,2023-04-07
634,5048370971904438,cgartlandhl@time.com,5668225526,Gartland,Carla,2,1,2021-12-19,
635,5048376873113333,kkondratovichhm@miitbeian.gov.cn,7544910840,Kondratovich,Kitti,2,3,2022-09-30,
636,5048374158629834,slautiehn@apple.com,1387083689,Lautie,Siusan,4,3,2021-05-19,
637,5108754747131490,rmicklewiczho@trellian.com,2955788588,Micklewicz,Roxi,4,1,2021-11-24,2024-04-15
638,5108750651227415,jparratthp@1688.com,2035381928,Parratt,Jada,3,3,2021-05-02,
639,5108752344251968,ogreberhq@dagondesign.com,1803030086,Greber,Owen,1,1,2022-10-30,2023-06-08
640,5108754808282869,ddarbenhr@umich.edu,7666031718,Darben,Daveta,1,2,2022-05-05,2024-05-28
641,5108751654541323,jturrellhs@icio.us,4497692909,Turrell,Jamal,2,2,2021-07-08,2024-05-31
642,5048373409583998,ewrathmellht@nature.com,4348518544,Wrathmell,Emiline,2,3,2021-10-31,2023-11-04
643,5108752667449090,efarnhamhu@is.gd,4539129667,Farnham,Eileen,2,2,2022-05-18,2023-02-01
644,5108756650148205,djachimczakhv@bloomberg.com,7278348521,Jachimczak,Dennie,3,1,2021-11-21,2023-07-19
645,5108756019298337,cmaunsellhw@cmu.edu,8809118238,Maunsell,Cristina,4,3,2021-10-14,
646,5048375775222465,szebedeehx@cisco.com,1837081210,Zebedee,Smith,1,1,2020-03-21,
647,5048379171408652,tdavenhillhy@toplist.cz,6867348448,Davenhill,Tiffanie,3,3,2022-07-14,2024-03-20
648,5048372349876637,bridsdolehz@wisc.edu,8358626887,Ridsdole,Barbi,4,3,2022-07-24,
649,5048374173142060,wmillardi0@patch.com,2025708796,Millard,Willa,3,2,2020-03-13,
650,5108756393971574,lwaldeni1@soundcloud.com,7565689427,Walden,Lonny,2,3,2020-10-11,
651,5108752886132311,gsivilli2@phpbb.com,6219290235,Sivill,Garrott,1,3,2022-08-18,
652,5048371374178638,jseateri3@sina.com.cn,7251026144,Seater,Jarvis,4,2,2020-04-17,2023-01-22
653,5108754283530618,awahnckei4@aboutads.info,3188093282,Wahncke,Ailene,4,1,2022-06-30,
654,5048376450841967,ioloughrani5@nature.com,7212187159,O' Loughran,Isac,1,1,2022-10-19,2023-01-26
655,5048375068497352,mhoulstoni6@foxnews.com,1499494039,Houlston,Missie,4,3,2021-11-10,2023-03-01
656,5108753277321794,wdoranti7@php.net,8167519868,Dorant,Wilton,3,2,2021-01-01,2023-08-12
657,5048378063219904,cswepsoni8@yale.edu,2361991955,Swepson,Codi,1,2,2021-04-14,2024-05-21
658,5048377804749047,mivettsi9@51.la,3822503564,Ivetts,Matilde,1,1,2020-11-05,2023-04-19
659,5048375150988326,rwankelia@cdbaby.com,1108869808,Wankel,Rhea,3,3,2022-02-07,
660,5108755810666056,cbintonib@pcworld.com,6078728654,Binton,Conant,3,3,2022-02-03,
661,5048374346976824,cbarnfatheric@wufoo.com,6268127576,Barnfather,Carmelina,4,1,2021-02-11,2024-05-27
662,5108752154909341,cspurryerid@so-net.ne.jp,3974504332,Spurryer,Calhoun,2,3,2021-02-07,
663,5108752113403055,ahuxterie@bloomberg.com,8355806399,Huxter,Antoni,4,3,2020-08-13,
664,5048374588721706,esimmsif@xrea.com,2298209716,Simms,Emelita,2,3,2020-05-16,2023-05-02
665,5108752140912557,hballinghallig@csmonitor.com,8662455110,Ballinghall,Hugues,4,2,2022-06-03,2023-09-19
666,5048374029151786,imansellih@ed.gov,2153748844,Mansell,Ignazio,3,3,2021-10-28,2023-11-06
667,5048378495333752,ucoltanii@slashdot.org,8924247781,Coltan,Udell,3,1,2020-05-01,2023-02-01
668,5048373657620039,jstawellij@tripadvisor.com,4546586962,Stawell,Jerome,2,3,2021-05-19,
669,5048378952740168,hcreedik@sakura.ne.jp,1032953170,Creed,Hertha,3,1,2022-02-02,
670,5108753179556455,dbeneditil@elegantthemes.com,4696848841,Benedit,Dianne,4,1,2020-12-03,2023-04-17
671,5048376760144052,bnowillim@domainmarket.com,4206428020,Nowill,Barrie,3,1,2022-06-12,2023-05-09
672,5048371297867762,jbremnerin@feedburner.com,5292259864,Bremner,Juliana,4,1,2021-09-11,
673,5108750981887177,fgumleyio@wisc.edu,4007488554,Gumley,Falkner,2,3,2021-10-27,
674,5108750593699671,trannerip@virginia.edu,5368623246,Ranner,Tully,2,3,2022-05-20,
675,5048371053578108,klinkiq@multiply.com,8554713200,Link,Kit,1,3,2021-12-01,
676,5108758564013269,rhealyir@eventbrite.com,7183482197,Healy,Regan,2,2,2020-07-13,
677,5108758608371871,vleicesteris@i2i.jp,6939017904,Leicester,Virgie,2,1,2020-02-28,
678,5048370952146868,kheiblit@bravesites.com,2599889687,Heibl,Karissa,2,3,2020-07-18,
679,5108758558767573,iweineriu@posterous.com,1828528792,Weiner,Irving,4,1,2020-05-05,2023-12-23
680,5048375945983525,ifradgleyiv@bizjournals.com,9865782963,Fradgley,Igor,4,3,2020-06-27,
681,5108754333704122,sbotteiw@statcounter.com,5963780219,Botte,Stephana,2,1,2022-10-06,
682,5108750996571824,kstanwayix@tamu.edu,5125634419,Stanway,Kaylyn,3,3,2022-09-16,
683,5108757221377588,nducareliy@auda.org.au,4545893335,Ducarel,Nikki,1,1,2022-01-08,2023-12-23
684,5048377686540969,ccarvelliz@163.com,6102269879,Carvell,Carolus,1,2,2022-12-21,
685,5108753817252145,jgarmonj0@nasa.gov,4238369036,Garmon,Jakie,4,1,2022-11-16,2023-08-10
686,5048377497535620,ttapleyj1@accuweather.com,3402781708,Tapley,Tine,2,3,2021-04-04,
687,5108752468095688,leberlej2@google.pl,4772466206,Eberle,Lucho,3,2,2020-09-12,
688,5108755605353571,hgaymerj3@usa.gov,7387722765,Gaymer,Holly-anne,1,2,2022-09-29,2023-03-13
689,5048374169120351,jlossmanj4@cargocollective.com,3014965083,Lossman,Justus,2,1,2020-03-28,2023-04-26
690,5108758501557550,cmaniloj5@omniture.com,6295741387,Manilo,Claudia,2,2,2022-01-12,2024-03-23
691,5048372398359170,ttiej6@163.com,6851678337,Tie,Tanny,1,2,2020-12-25,
692,5048375918290825,rismirnioglouj7@sina.com.cn,1985790141,Ismirnioglou,Ring,2,3,2022-12-02,
693,5048375835068106,thammertonj8@furl.net,1901313540,Hammerton,Tobias,1,1,2021-12-06,2024-02-13
694,5108750565586765,lfawdryj9@hc360.com,5477230213,Fawdry,Lewes,4,2,2022-06-13,
695,5048376805840474,cberminghamja@jigsy.com,8705690203,Bermingham,Cacilie,3,3,2020-04-19,2023-05-24
696,5108755170441066,clabrowjb@twitter.com,4868312963,Labrow,Catha,3,2,2022-09-15,
697,5108753224165203,jlascellesjc@cyberchimps.com,3508717486,Lascelles,Josefina,4,1,2021-10-25,2023-11-07
698,5108750268801040,jarmitjd@salon.com,6951010977,Armit,Janith,2,1,2022-08-22,2023-11-07
699,5048375200805496,hgrelakje@berkeley.edu,3493465395,Grelak,Huey,3,2,2021-11-14,
700,5108754482716901,mstansbiejf@loc.gov,5905219404,Stansbie,Miran,1,1,2022-02-13,
701,5108754187850203,bharlinjg@salon.com,6165117619,Harlin,Benedict,3,2,2022-08-29,
702,5108752630916589,kgowrichjh@yale.edu,5741429153,Gowrich,Kendra,1,1,2022-12-22,
703,5108752303981134,tmannionji@scientificamerican.com,9492937890,Mannion,Thekla,4,3,2020-10-31,2023-07-08
704,5108752712742663,lsprayjj@nydailynews.com,3268802311,Spray,Lianne,2,3,2020-01-08,2023-06-13
705,5048375939945621,crovejk@reverbnation.com,4227657875,Rove,Coralyn,1,3,2020-07-16,
706,5108758401111714,ebrashjl@yolasite.com,2632452576,Brash,Edi,4,2,2022-06-28,2023-12-01
707,5048378703444656,jkensonjm@time.com,2499467235,Kenson,Jakob,4,1,2021-10-17,2023-07-26
708,5108752622930929,baspjn@yale.edu,9552009648,Asp,Beau,1,2,2022-05-06,
709,5048370570301879,gdeerjo@fema.gov,3326166376,Deer,Genny,4,2,2020-07-03,2023-05-28
710,5048377148525897,xscarthjp@furl.net,8623653481,Scarth,Xavier,3,3,2021-10-17,
711,5048370993523133,ddowersjq@nasa.gov,8934634616,Dowers,Dorothee,2,2,2021-01-27,
712,5108752781032368,wgeraschjr@feedburner.com,6461256619,Gerasch,Welch,1,1,2021-03-14,2023-02-06
713,5048379404881212,hpedwelljs@accuweather.com,6821942961,Pedwell,Hillyer,1,3,2020-03-30,
714,5108753136967951,bziemsjt@domainmarket.com,2518124651,Ziems,Brand,2,1,2021-11-22,
715,5048379457943281,kbullju@homestead.com,3572161775,Bull,Kelsy,3,2,2022-12-29,
716,5108757163952125,tbenjafieldjv@yolasite.com,2831618651,Benjafield,Torry,2,1,2021-10-21,
717,5048379327152238,hwitherbyjw@deviantart.com,1185762075,Witherby,Hurleigh,4,2,2022-10-04,2023-09-09
718,5048371340010105,sheinlejx@ovh.net,1771922291,Heinle,Sofie,3,2,2020-03-18,2023-10-22
719,5108750834418998,jpetrakjy@independent.co.uk,3625186734,Petrak,Jorrie,1,1,2021-03-13,2023-02-14
720,5048371906181068,fdraperjz@skype.com,2452622349,Draper,Fiann,3,1,2021-12-14,
721,5108750894112473,tberzonk0@uiuc.edu,7619683192,Berzon,Terza,3,3,2021-07-24,
722,5048371155337023,cbeckfordk1@ft.com,1716248792,Beckford,Caty,2,3,2020-02-03,2024-05-22
723,5108757168053077,dbierk2@hc360.com,3409929368,Bier,Dulcia,4,1,2022-05-20,2023-04-24
724,5108757134694186,lcleatonk3@npr.org,7358007529,Cleaton,Laurent,3,3,2020-04-21,2023-01-03
725,5048379387031447,mdaubyk4@weebly.com,4957861779,Dauby,Marysa,4,3,2022-05-23,
726,5108751366850491,dblazejk5@jugem.jp,9162973357,Blazej,Demetris,4,3,2022-11-07,2023-06-05
727,5048376402038670,sdobblek6@ibm.com,4751475583,Dobble,Sheffie,1,1,2022-06-22,
728,5048372366278766,kredfearnk7@youtube.com,7409598760,Redfearn,Kippar,1,3,2020-04-15,2023-01-05
729,5108752239893254,qbeddoek8@qq.com,6256830034,Beddoe,Quintin,2,2,2022-06-24,
730,5048379061470598,dtheakerk9@cargocollective.com,4793124727,Theaker,Dante,1,1,2022-06-25,
731,5108750426722955,ideatonka@yahoo.com,4188376623,Deaton,Iolanthe,4,3,2021-01-07,2023-09-24
732,5048378657526466,agillhespykb@rakuten.co.jp,5912268734,Gillhespy,Abbye,3,3,2020-04-13,
733,5108759894031740,swinscomkc@taobao.com,8346644502,Winscom,Sanson,3,1,2022-01-18,
734,5048375932416232,lsaicekd@yahoo.co.jp,4002718365,Saice,Leonidas,2,1,2022-01-10,
735,5048372207048949,dwathenke@seattletimes.com,2365934033,Wathen,Daria,4,3,2021-02-21,
736,5048376086902209,mhovendenkf@squidoo.com,4815277377,Hovenden,Madeline,4,1,2021-09-06,
737,5108752013339540,bjanukg@dailymail.co.uk,4605207454,Janu,Baxie,2,1,2021-09-16,
738,5048370621619329,kbradnockekh@state.tx.us,2545859248,Bradnocke,Katuscha,1,3,2021-07-07,
739,5048373287613768,mgoodaleki@trellian.com,9795074039,Goodale,Mycah,3,1,2020-12-16,2023-12-23
740,5048378826674130,dowensonkj@weather.com,6829003590,Owenson,Diana,1,3,2022-09-21,
741,5108752083011201,hsetchkk@moonfruit.com,3867148533,Setch,Henrietta,2,1,2020-03-25,
742,5108753177425547,cmougenelkl@uol.com.br,2034137873,Mougenel,Colly,4,2,2020-07-10,
743,5048376086400527,tdearkm@theguardian.com,8183134900,Dear,Terrance,3,1,2020-04-01,
744,5048371007640350,dtitteringtonkn@odnoklassniki.ru,2745201088,Titterington,Donna,2,3,2022-07-02,
745,5108750798417994,hdobrowlskiko@netvibes.com,6537393757,Dobrowlski,Hercules,4,1,2022-10-18,
746,5048377967946000,cmahoneykp@stumbleupon.com,5109266515,Mahoney,Chaddie,1,3,2022-02-01,
747,5108752602667475,tedmensonkq@businessweek.com,3061271279,Edmenson,Thibaud,4,1,2021-06-15,2023-06-12
748,5108754825061601,rjeanessonkr@cmu.edu,4576485315,Jeanesson,Renae,1,1,2020-04-11,
749,5108757512297792,whalvorsenks@com.com,1718247841,Halvorsen,Wendi,1,3,2022-05-31,
750,5108753248992251,pgravenellkt@gravatar.com,2164061848,Gravenell,Petunia,4,1,2021-11-11,2023-08-11
751,5048379869334533,fboyanku@squidoo.com,8252333237,Boyan,Fionnula,3,2,2021-08-23,2023-12-13
752,5108756348771608,ltzarkv@printfriendly.com,1224270098,Tzar,Lorilyn,4,3,2021-12-22,
753,5048377911960529,eaugustkw@ucla.edu,2003731694,August,Elden,4,2,2020-06-08,2024-01-19
754,5108758083789464,ehiggenkx@yolasite.com,2804851686,Higgen,Edyth,1,1,2020-06-23,2023-09-23
755,5048375246363849,madinky@msu.edu,4783518687,Adin,Madison,3,1,2021-06-26,2023-08-29
756,5048376832908336,jchealeskz@sitemeter.com,2395167988,Cheales,Jordan,2,2,2022-11-03,
757,5108752366289904,cyausl0@icq.com,4937617187,Yaus,Cristine,2,3,2020-01-18,2023-08-07
758,5048377979860009,ecamposl1@printfriendly.com,1101505783,Campos,Estrella,4,1,2020-04-23,
759,5108752984950309,jmcerlainel2@addtoany.com,1151073902,McErlaine,Jsandye,1,3,2021-05-05,2023-05-06
760,5048375381597607,lgoodgerl3@t.co,6282326562,Goodger,Laraine,4,2,2022-04-07,
761,5108758110283184,pbeardsdalel4@shareasale.com,4071314052,Beardsdale,Peter,3,3,2022-05-31,
762,5048371500685043,jcarnl5@hostgator.com,8605603192,Carn,Jone,3,1,2021-07-03,
763,5108754401817483,bglassonl6@t-online.de,2092864510,Glasson,Babs,3,2,2020-02-22,
764,5108753776324307,mmountl7@usnews.com,6214734419,Mount,Mercedes,4,2,2021-07-26,2023-11-11
765,5108755648016953,lpairemanl8@dailymotion.com,9855922723,Paireman,Lorenza,1,2,2021-03-25,2024-05-27
766,5048372714188840,ddelahayel9@alibaba.com,1991350800,De La Haye,Damiano,1,1,2020-02-27,2024-04-02
767,5108758857071875,hriccila@cornell.edu,4535249520,Ricci,Harv,1,3,2020-09-23,
768,5048373129753822,ehazellb@ustream.tv,3436244747,Hazel,Elyse,3,2,2022-08-18,
769,5108752367035934,rfealylc@163.com,4424568867,Fealy,Roxie,3,2,2022-01-27,
770,5108751158024081,kenticottld@cnbc.com,6818156677,Enticott,Karrie,1,1,2021-03-21,
771,5048378199921134,ealebrookele@ft.com,1594107855,Alebrooke,Eolanda,4,2,2020-01-02,
772,5048375516754180,sfrankcomblf@xrea.com,9522358886,Frankcomb,Sampson,1,2,2020-06-21,2023-04-07
773,5108755139910342,vderycotlg@businessinsider.com,2052781502,Derycot,Vevay,3,1,2022-03-04,2024-04-09
774,5048370216879759,rbootmanlh@walmart.com,9962220982,Bootman,Rosella,4,1,2022-11-02,
775,5108752839620735,pstrangli@cdc.gov,5966236275,Strang,Paolo,1,2,2022-03-15,2023-10-09
776,5108756460382713,fbasdenlj@sciencedirect.com,9743978498,Basden,Foss,1,3,2022-08-25,
777,5048371185855564,hblylk@samsung.com,1493284502,Bly,Hercules,1,1,2021-02-24,2023-07-19
778,5048379897310505,pbraundll@parallels.com,4672077683,Braund,Pernell,3,1,2020-05-24,
779,5108750659965172,mpashlm@auda.org.au,9302962407,Pash,Marijn,2,2,2022-12-03,2023-03-06
780,5048379869447210,blambleln@google.co.uk,8065769354,Lamble,Billi,4,3,2022-03-26,
781,5108751968510626,cburchardlo@cdbaby.com,4257518706,Burchard,Cale,1,2,2022-01-14,2023-06-25
782,5048376472894481,pvanderkruilp@storify.com,4208814651,Van der Krui,Pietro,4,3,2020-03-21,
783,5048373406708408,cdemicolq@cam.ac.uk,6215244619,De Mico,Cristie,2,3,2021-02-27,
784,5048370050386820,pblaylocklr@un.org,7655739028,Blaylock,Preston,3,1,2022-06-22,2023-04-27
785,5108750094408010,lgraingerls@utexas.edu,2854494440,Grainger,Letty,4,3,2022-02-16,
786,5108759521857723,aorwinlt@ft.com,5234570986,Orwin,Ame,1,2,2021-03-28,
787,5108758797553297,kmerilllu@blog.com,7827219923,Merill,Kit,2,3,2021-07-03,2024-05-25
788,5048372237278581,smorrantlv@shareasale.com,5552257053,Morrant,Simmonds,4,1,2020-04-11,
789,5048375977845014,pkarpushkinlw@networksolutions.com,4961433328,Karpushkin,Pavel,4,2,2022-12-20,2023-05-22
790,5108752838885834,fsibleylx@fema.gov,7977686937,Sibley,Faustina,3,3,2020-02-01,2023-12-09
791,5108759865972088,sklimkoly@com.com,4606521971,Klimko,Shelagh,1,2,2020-05-03,2023-02-19
792,5048375731778857,abenardettelz@i2i.jp,4761118852,Benardette,Adel,1,2,2020-12-27,
793,5048370392389144,gdevauxm0@live.com,8779708148,De Vaux,Gina,2,3,2020-10-21,2024-03-11
794,5048376885860756,tbrozekm1@ted.com,1447024280,Brozek,Tulley,3,3,2021-12-08,2024-01-29
795,5048379293710944,kwisonm2@guardian.co.uk,5529652867,Wison,Katine,4,2,2020-12-17,2023-08-13
796,5108752270813492,gwatkissm3@yahoo.co.jp,4802813576,Watkiss,Gunther,1,1,2020-03-07,2023-09-24
797,5108750553018391,cmatczakm4@soup.io,8451828855,Matczak,Conan,4,3,2020-07-28,2023-09-18
798,5108751959526003,jflaxmanm5@paypal.com,8295152601,Flaxman,Joellen,1,1,2021-08-09,2023-05-20
799,5048378003388587,tlanceleym6@omniture.com,1952186374,Lanceley,Timmie,2,1,2020-01-30,2023-02-13
800,5048375695638196,yatthowem7@yahoo.co.jp,9505929568,Atthowe,Yetta,1,3,2021-07-13,2023-11-21
801,5048376960605654,gvedishchevm8@edublogs.org,9986304530,Vedishchev,Gib,2,1,2021-09-22,
802,5108758389173025,mturpeym9@uiuc.edu,1864828480,Turpey,Melany,3,2,2022-03-31,2024-01-12
803,5048371259069167,kwithersma@purevolume.com,4729453490,Withers,Konstantine,4,3,2021-07-10,2023-10-27
804,5108754538356975,gbourdonmb@uol.com.br,3831571808,Bourdon,Germana,3,2,2022-06-03,2024-04-06
805,5048379864312955,afilipponimc@bbb.org,7106290189,Filipponi,Axe,4,1,2020-06-30,2023-05-22
806,5048371006581712,amorysonmd@ca.gov,6094249024,Moryson,Angil,3,1,2021-07-15,2023-09-16
807,5108752636125656,aquarrieme@zimbio.com,7741296693,Quarrie,Arie,3,3,2022-01-08,2023-04-16
808,5048378026746712,nbaddermf@t-online.de,8611530664,Badder,Northrup,4,2,2022-01-23,2023-02-26
809,5048377302047340,eskyrmemg@disqus.com,2542796262,Skyrme,Elmira,1,1,2021-08-19,2024-04-27
810,5048373586555603,jtitchmarshmh@ucoz.com,4965676642,Titchmarsh,Justinn,3,2,2022-07-12,
811,5048373947853853,bbuttfieldmi@is.gd,5909734123,Buttfield,Berkly,4,3,2020-05-20,2024-04-17
812,5108751928262565,gizkovitchmj@geocities.com,2969375436,Izkovitch,Georgi,1,2,2022-09-24,
813,5108751726396201,seselmk@weibo.com,1714194133,Esel,Shawn,4,1,2021-08-16,
814,5108757447536058,mmcnickleml@vk.com,6248574245,McNickle,Marybeth,4,2,2022-04-03,2023-12-16
815,5108751242622023,tfarrentmm@ibm.com,2395977880,Farrent,Tabatha,4,1,2021-11-05,2023-07-11
816,5108755675063175,vparrottmn@foxnews.com,2261687568,Parrott,Vic,2,3,2022-09-23,
817,5108759166422932,scutillmo@uiuc.edu,3713207089,Cutill,Shelli,4,3,2020-05-23,
818,5108751382906038,jallertonmp@japanpost.jp,9654869342,Allerton,Joanie,3,3,2020-04-27,
819,5108751307310928,earsmithmq@indiegogo.com,3793334815,Arsmith,Emyle,3,1,2021-09-23,2023-06-05
820,5108758932795837,abalazinmr@hibu.com,6287867932,Balazin,Angelika,2,1,2022-06-04,
821,5048373674534619,cfitchenms@desdev.cn,9152725807,Fitchen,Carmela,2,1,2022-06-02,
822,5108757767073484,hprigmoremt@tmall.com,9113912507,Prigmore,Haley,3,1,2021-02-27,2024-02-24
823,5108755405645945,kgrassinmu@nba.com,1484954710,Grassin,Keven,3,2,2022-12-27,2023-07-23
824,5108757611672531,jfaloonmv@list-manage.com,8234067751,Faloon,Jeddy,3,1,2020-10-09,
825,5048370156550378,mdinceymw@google.com,2871699760,Dincey,Marlo,3,3,2022-07-29,
826,5048370689614816,hovensmx@salon.com,7172298841,Ovens,Holly,2,2,2022-10-25,
827,5048376285584477,ibonnairemy@surveymonkey.com,3294528293,Bonnaire,Isacco,2,2,2021-12-23,2023-06-17
828,5108756260523342,preevesmz@archive.org,2479223921,Reeves,Prudence,4,3,2022-11-29,
829,5048371236408199,aricciardin0@phoca.cz,6566397472,Ricciardi,Alard,1,3,2020-09-01,
830,5108757654610018,rguerrazzin1@google.co.jp,3109396265,Guerrazzi,Rikki,3,1,2020-09-15,
831,5048370000175208,dscotchforthn2@paginegialle.it,2438483060,Scotchforth,Donal,2,1,2020-12-19,
832,5048377223290904,dmoffn3@cloudflare.com,6545955628,Moff,Delora,4,3,2021-11-14,2024-03-25
833,5048379973286280,sbaxstarn4@wikimedia.org,3433493414,Baxstar,Sylvan,4,1,2020-08-25,
834,5108757326864092,bkrahln5@hud.gov,7771527763,Krahl,Blair,3,3,2022-09-23,
835,5108758522114696,lwollacottn6@umich.edu,2576986807,Wollacott,Lynelle,3,3,2020-02-21,
836,5048379110271120,tgauldn7@ucoz.ru,2627448137,Gauld,Tom,4,3,2020-09-25,2023-02-28
837,5108758940407284,hhuntarn8@psu.edu,1815002514,Huntar,Hermon,2,2,2020-07-23,2023-06-16
838,5048371725683641,bhanrattyn9@scientificamerican.com,2863454763,Hanratty,Beverlie,4,3,2021-11-08,
839,5048370105262265,gpennonena@tripod.com,7205327042,Pennone,Gerty,3,1,2020-01-24,
840,5108755428248511,mjuraseknb@nasa.gov,7618022772,Jurasek,Marius,2,3,2021-10-28,2023-04-22
841,5048370003871472,ttyrwhittnc@dmoz.org,7698961411,Tyrwhitt,Tedman,1,2,2020-12-02,2024-04-04
842,5108754672938877,mpardoend@altervista.org,6654983889,Pardoe,Margette,3,2,2021-06-22,2023-12-03
843,5048372415178561,lhartinne@columbia.edu,5671091103,Hartin,Lizzy,4,3,2020-05-02,2023-05-15
844,5108752669556876,neckhardnf@pen.io,5793885922,Eckhard,Nerte,4,2,2020-07-20,2023-06-16
845,5048375502592453,kfadellng@usatoday.com,8962724715,Fadell,Kevan,4,1,2022-07-05,
846,5048373855455022,drobardetnh@sciencedirect.com,4534606013,Robardet,Dicky,4,2,2022-10-19,2023-07-21
847,5048379507607274,lfaillni@xing.com,7338771994,Faill,Lennard,1,3,2021-07-24,
848,5048370463415372,gmawernj@wikia.com,9801691173,Mawer,Gerladina,4,1,2020-08-16,2023-11-18
849,5108752457203335,gminchentonnk@g.co,2657424682,Minchenton,George,2,3,2021-11-10,2023-11-13
850,5108755601255994,mgrissettnl@yolasite.com,4539632868,Grissett,Mildred,1,1,2021-04-01,
851,5108752350687824,kprickettnm@mayoclinic.com,3602218140,Prickett,Kate,4,3,2020-04-20,2023-05-01
852,5108756305856152,bruslinnn@github.io,9747663889,Ruslin,Bail,3,3,2020-07-25,2023-11-26
853,5048376475030521,bhowisno@independent.co.uk,4741332465,Howis,Bailie,2,3,2022-06-02,
854,5048371660263599,gmallabonnp@e-recht24.de,5116036703,Mallabon,Giorgi,2,2,2022-01-23,
855,5048370917986168,hmattusevichnq@admin.ch,4703882745,Mattusevich,Holt,2,2,2022-01-08,2023-08-02
856,5108751325259230,ahyamsnr@twitter.com,7353300332,Hyams,Abbe,1,1,2021-11-09,2023-05-16
857,5108758261443280,tthowns@slideshare.net,6248269905,Thow,Taddeusz,4,2,2020-03-29,
858,5108755750611054,bkauffmannt@gnu.org,3446938407,Kauffman,Brit,3,3,2022-10-19,
859,5108757714289761,ebeardsellnu@freewebs.com,5934878530,Beardsell,Elena,2,2,2022-06-04,2023-03-07
860,5048375982787748,kvittorinv@printfriendly.com,8627831944,Vittori,Kimberley,3,3,2020-11-19,
861,5108753549316374,zgogaynw@samsung.com,1453734411,Gogay,Zitella,4,2,2022-08-28,2024-04-28
862,5108753008644514,sphilliskirknx@quantcast.com,9298296402,Philliskirk,Sallyann,1,2,2020-06-21,2024-03-25
863,5108750719566887,jnuscheny@oaic.gov.au,8378482906,Nusche,Joelly,3,3,2022-07-18,2023-12-24
864,5048377627066744,cfranktonnz@php.net,8877010441,Frankton,Cinda,2,1,2022-02-08,2023-03-24
865,5108755506733657,araycrofto0@ycombinator.com,2663596951,Raycroft,Anders,3,3,2021-10-06,
866,5108759927957960,jraggeo1@moonfruit.com,7187013380,Ragge,Juditha,4,1,2020-12-28,2024-05-13
867,5108751673299754,csnazleo2@163.com,5587231496,Snazle,Cobb,4,2,2021-04-27,2023-08-09
868,5048377142723159,afoano3@people.com.cn,2639737065,Foan,Alphonso,3,1,2021-11-26,
869,5108757700838381,bmcgeocho4@domainmarket.com,5204586948,McGeoch,Beau,1,1,2022-12-07,
870,5048378192037417,cclemersono5@typepad.com,3947120431,Clemerson,Candida,2,3,2021-04-27,
871,5108750775106255,sjentgeso6@umich.edu,1354652915,Jentges,Shela,3,1,2022-06-11,
872,5108758155229662,cmaxsteado7@soup.io,6353975442,Maxstead,Carolee,1,3,2021-04-28,2023-05-02
873,5048370019160480,acowelyo8@twitpic.com,4211235361,Cowely,Ariel,4,2,2021-12-03,
874,5048372490909823,nciobotaruo9@thetimes.co.uk,5606271607,Ciobotaru,Norry,4,1,2022-04-28,2024-04-08
875,5108751964172496,rvanshinoa@paypal.com,5691146506,Vanshin,Ruggiero,4,1,2021-04-05,2023-05-01
876,5048377059767686,bcurtissob@ucla.edu,8884536341,Curtiss,Barb,3,3,2021-08-22,2023-03-04
877,5108750658396411,jelanoc@addtoany.com,9469449399,Elan,Jyoti,4,1,2022-09-21,2023-02-07
878,5108754610797534,dborelod@opensource.org,8179649109,Borel,Dacie,3,2,2021-10-09,2024-03-16
879,5108752722486855,sovernelloe@sphinn.com,6914828096,Overnell,Silvan,4,2,2020-09-20,
880,5108753460023595,tjunkinsonof@twitter.com,7127759651,Junkinson,Tine,3,2,2022-03-05,2023-07-31
881,5048376360474834,lturvilleog@cdc.gov,6918705514,Turville,Luise,3,3,2021-02-06,
882,5048374610419915,wcoleridgeoh@bizjournals.com,6156063421,Coleridge,Wilmar,2,2,2021-11-12,2024-04-20
883,5048373124357116,mcongraveoi@i2i.jp,3788099533,Congrave,Myrah,2,2,2022-12-19,
884,5048375084889384,wfishbournoj@google.com,6073348636,Fishbourn,Wilona,3,2,2020-06-24,2024-01-02
885,5108755248573056,bcortnayok@miitbeian.gov.cn,7479017354,Cortnay,Benetta,3,3,2020-02-27,2023-07-12
886,5048372613789110,wbaldwinol@soundcloud.com,5138905940,Baldwin,Wallis,4,3,2020-03-05,
887,5108755653500776,dblackettom@etsy.com,1323925674,Blackett,Dulce,4,2,2021-06-24,2023-01-24
888,5048378837005688,rscotchmuron@salon.com,2033992992,Scotchmur,Reube,4,2,2022-11-01,2023-05-11
889,5108755977487452,vstuartoo@telegraph.co.uk,5736543297,Stuart,Val,3,1,2020-03-22,2024-01-31
890,5048370169982766,belcomeop@gmpg.org,8949706739,Elcome,Bourke,2,3,2020-06-27,2023-06-13
891,5048370764222576,tallsobrookoq@ucla.edu,9481047888,Allsobrook,Tina,3,2,2020-01-20,2023-07-06
892,5048377515164080,dcowperor@clickbank.net,9367435080,Cowper,Dru,4,1,2020-11-10,
893,5048375295288848,cpeegremos@wiley.com,8681411203,Peegrem,Courtnay,4,3,2022-02-21,2023-06-19
894,5108758049486718,pandrivotot@chronoengine.com,7826369004,Andrivot,Penelope,2,1,2020-08-22,
895,5108759340068940,jridingsou@ucoz.ru,1273744381,Ridings,Jacynth,3,1,2022-06-19,2023-12-24
896,5048376096704983,tdawburyov@apple.com,1316685361,Dawbury,Tomi,2,2,2022-04-28,
897,5108755964820848,mhamletow@nationalgeographic.com,7626305973,Hamlet,Marleen,1,1,2020-09-30,2024-03-20
898,5108755505095660,pleddieox@prlog.org,2124057172,Leddie,Petrina,4,2,2021-03-31,2023-08-10
899,5108750412195604,kreedyoy@chron.com,9337210548,Reedy,Krissie,3,2,2021-02-28,
900,5048373045338195,lturfsoz@msu.edu,5219768776,Turfs,Laurence,3,2,2022-12-25,2024-01-20
901,5048379375993889,aburderp0@amazon.co.uk,7339013920,Burder,Arabel,1,2,2020-09-03,
902,5108755774640089,vmcfallp1@adobe.com,4919187781,McFall,Valentin,1,2,2021-05-09,
903,5048378244255488,sprujeanp2@sun.com,4333132143,Prujean,Seumas,1,3,2021-06-03,2023-07-12
904,5048379051437490,sswepstonep3@reference.com,3359605501,Swepstone,Shanda,4,2,2022-01-25,2024-04-03
905,5048379445751796,dgreedyp4@blog.com,5249534132,Greedy,Doretta,4,3,2020-10-27,2024-04-12
906,5048376324015707,ljobernp5@about.com,3262373983,Jobern,Leland,3,2,2022-12-22,2024-03-01
907,5048371917371385,anoyep6@joomla.org,2859207050,Noye,Alana,3,2,2022-09-29,
908,5108754056808852,gtriplowp7@infoseek.co.jp,4124932909,Triplow,Garret,2,2,2020-01-25,2023-05-01
909,5048375723000179,cvandenveldep8@purevolume.com,6498217397,Van den Velde,Carmina,4,2,2021-12-23,2023-05-21
910,5108751313051748,oblazewskip9@icio.us,7995182709,Blazewski,Ody,1,3,2021-08-17,
911,5108750688656420,jgorickpa@mysql.com,7629497773,Gorick,Jamaal,4,1,2022-03-11,
912,5048376081456037,hrhydderchpb@nytimes.com,2282930212,Rhydderch,Haven,4,2,2022-04-11,2024-01-07
913,5048376688936795,ghaylettpc@cdc.gov,9242645321,Haylett,Guilbert,2,1,2022-08-25,2024-03-25
914,5048377545370632,lnobletpd@mysql.com,2564410447,Noblet,Lynsey,1,3,2022-01-23,
915,5048370280401712,dbenasikpe@dyndns.org,6614731111,Benasik,Daryle,2,1,2020-06-17,
916,5108758450246908,mmeriottpf@youku.com,2091438332,Meriott,Merill,3,2,2020-11-30,2023-04-23
917,5048376762545249,jchurchpg@amazon.com,8255570173,Church,Joshia,3,2,2022-03-28,
918,5048372404343721,draisbeckph@amazon.co.uk,8555160691,Raisbeck,De witt,3,1,2020-09-01,
919,5108751011201330,adefreitaspi@geocities.com,8776329888,De Freitas,Archer,3,3,2022-07-04,2023-12-07
920,5048378019630261,wportmanpj@tinypic.com,2479073373,Portman,Wynny,1,1,2021-11-03,
921,5048371782946428,jkeighlypk@theglobeandmail.com,8047056751,Keighly,Jordain,2,2,2020-03-18,
922,5108751585546094,mburganpl@webeden.co.uk,9048282700,Burgan,Maryrose,2,1,2021-05-30,2023-05-28
923,5108754660980592,wsnailhampm@ca.gov,8267025928,Snailham,West,4,1,2022-11-11,2024-05-18
924,5108752884078938,aagiuspn@51.la,3721924022,Agius,Amandie,1,2,2020-04-12,
925,5108758225563637,ainchleypo@purevolume.com,4294903712,Inchley,Alvy,1,2,2021-07-22,2024-02-10
926,5108756699520273,asireypp@sourceforge.net,9923229672,Sirey,Ame,1,3,2021-08-11,
927,5108756536515163,gjumonetpq@si.edu,6231035134,Jumonet,Giraud,1,3,2022-11-15,2023-01-23
928,5048373767421856,kinglefieldpr@mlb.com,3371967386,Inglefield,Keenan,1,2,2020-01-28,2023-08-16
929,5048377630483100,hcolemanps@last.fm,6212806788,Coleman,Hadlee,4,1,2020-08-29,2024-02-27
930,5048375777451104,bstokespt@cyberchimps.com,2604190255,Stokes,Bathsheba,4,3,2022-07-09,
931,5108753915458313,sfatherspu@uiuc.edu,6467947360,Fathers,Suki,3,1,2022-05-02,2023-08-02
932,5048371831248321,smellanbypv@dmoz.org,8282124478,Mellanby,Sherri,4,3,2020-01-04,
933,5048379480327601,cwebbbowenpw@pinterest.com,6298052888,Webb-Bowen,Christan,2,1,2022-10-22,2023-12-05
934,5108759134525147,wprattonpx@hhs.gov,5215814998,Pratton,Winston,1,2,2022-04-23,2023-11-14
935,5108757876630034,csegoepy@i2i.jp,3218249380,Segoe,Cornall,3,3,2022-12-17,
936,5108750294329883,jmccabepz@last.fm,7167327709,McCabe,Jemima,4,1,2020-05-16,2024-05-31
937,5048375361204901,drickardq0@printfriendly.com,1768403661,Rickard,Derril,3,2,2021-03-23,2023-01-13
938,5108755668826075,scarnamanq1@google.cn,7762647635,Carnaman,Sauveur,4,1,2022-11-09,
939,5108750848653739,ncrightenq2@un.org,5647499250,Crighten,Nettle,1,2,2021-08-08,2023-06-13
940,5108757301840984,mrasmusq3@goo.gl,8952767682,Rasmus,Murdock,4,2,2020-04-06,2024-04-04
941,5048371944311974,sionnisianq4@yelp.com,5568611174,Ionnisian,Sherm,1,1,2022-05-27,2023-10-30
942,5048378068874083,skingscoteq5@eepurl.com,4044882963,Kingscote,Sibylle,1,1,2020-07-10,2023-06-12
943,5048370234215028,xobrianq6@oakley.com,8099449517,O'Brian,Xylina,3,2,2022-11-05,
944,5048371214226332,gsiebartq7@altervista.org,7238811577,Siebart,Gerry,3,1,2021-04-08,2024-01-19
945,5048375258207991,gwitcherleyq8@hhs.gov,5938026131,Witcherley,Godard,4,1,2022-10-09,2023-10-26
946,5048371757089626,boffenq9@newyorker.com,6286945947,Offen,Beryle,3,3,2020-01-18,2023-05-24
947,5048371403895004,snovotneqa@php.net,6018923616,Novotne,Sherill,4,3,2021-10-17,
948,5108752509276867,kjaulmeqb@cornell.edu,4298422920,Jaulme,Kiersten,2,2,2020-08-05,
949,5108756274218624,gvollethqc@icio.us,4066187790,Volleth,Gwendolyn,2,1,2021-08-21,2023-12-27
950,5048370054972674,nboydeqd@apple.com,4332922933,Boyde,Nikkie,4,3,2022-07-12,2024-01-19
951,5048374474787951,npitkeathleyqe@cnn.com,7956274761,Pitkeathley,Niven,2,2,2021-09-20,2023-11-06
952,5048377263178654,rfraserqf@businessweek.com,2824825586,Fraser,Rene,2,2,2021-11-13,2024-05-12
953,5108756507563200,tcallenqg@reference.com,4088450680,Callen,Tandy,3,2,2020-04-30,
954,5108755878610939,ekoptaqh@examiner.com,7475183026,Kopta,Erwin,1,3,2021-06-02,
955,5108751015876517,gcollipqi@mashable.com,5361078512,Collip,Giovanna,1,3,2020-01-29,2023-02-01
956,5048377952306459,imcilreavyqj@desdev.cn,7371574714,McIlreavy,Ira,3,3,2020-03-25,2024-01-31
957,5108750959564949,browesbyqk@xrea.com,9269506180,Rowesby,Base,2,2,2020-08-13,2024-01-10
958,5108756619560961,nstobartql@privacy.gov.au,8721422672,Stobart,Norman,3,1,2022-12-15,2023-04-17
959,5108757735744281,emcnalleyqm@nps.gov,3186168654,McNalley,Elvis,4,3,2022-09-17,2023-06-29
960,5048375343564281,mlancashireqn@nymag.com,5459457511,Lancashire,Masha,1,2,2022-02-06,
961,5048373178020289,mmcgreilqo@163.com,3294492761,McGreil,Meghan,1,3,2020-12-09,
962,5108753358081382,doflynnqp@meetup.com,4914024937,O'Flynn,Dorelia,3,1,2022-10-09,
963,5048379210500188,dplowmanqq@amazon.co.uk,4311613490,Plowman,Dael,2,1,2022-11-06,2023-02-07
964,5108753922833367,igoardqr@kickstarter.com,2455235004,Goard,Ivie,2,3,2020-09-12,2024-04-23
965,5108756482282909,ndomsallaqs@pinterest.com,7431928800,Domsalla,Ninon,1,3,2020-11-09,2023-08-14
966,5108758489354657,reulerqt@google.com.au,5687804116,Euler,Rriocard,2,1,2021-11-15,
967,5048379331978347,adraytonqu@xing.com,9376825957,Drayton,Auguste,3,1,2021-03-22,2024-05-26
968,5108754694965502,mkeenanqv@etsy.com,5882100787,Keenan,Marmaduke,2,2,2020-08-29,2023-09-09
969,5108759647431429,cflaggqw@amazonaws.com,1673396675,Flagg,Cherida,1,2,2021-08-08,
970,5048372258750377,kbillinghamqx@macromedia.com,2115151622,Billingham,Kippy,3,2,2022-03-31,2023-10-24
971,5048375792584038,borrocksqy@gnu.org,1652199307,Orrocks,Bartolemo,4,2,2021-09-16,2023-10-09
972,5048374158000994,kswantonqz@wikimedia.org,4948509218,Swanton,Kylie,1,1,2020-12-28,2023-07-01
973,5048370742992746,songer0@histats.com,8042639421,Onge,Saxe,3,1,2020-07-11,
974,5108757929011331,ugerattr1@people.com.cn,6925076043,Geratt,Uta,3,1,2020-07-20,
975,5048375966639170,kfairningtonr2@prlog.org,7406768550,Fairnington,Kristopher,3,1,2021-06-15,2023-05-23
976,5048378773913325,sthornbarrowr3@house.gov,2423503012,Thornbarrow,Shoshana,2,2,2020-07-05,
977,5048378508350058,fwordsleyr4@list-manage.com,1053112096,Wordsley,Fancie,3,2,2021-11-11,2023-10-27
978,5048372720462098,uparkynr5@bloglovin.com,9198374499,Parkyn,Uriel,3,2,2022-10-05,2024-04-10
979,5108750012168456,bhakkingr6@uol.com.br,5256998770,Hakking,Brand,1,2,2020-07-20,2024-05-09
980,5108751584813792,esowdenr7@discovery.com,5611995318,Sowden,Eugene,1,1,2020-08-18,2023-10-12
981,5048375771224689,wkollaschekr8@clickbank.net,7729034829,Kollaschek,Willis,2,2,2022-12-26,
982,5048376350508732,cgibbensr9@wordpress.org,2203393368,Gibbens,Cicely,4,2,2021-09-15,2023-09-23
983,5048375080718108,ekenyamra@adobe.com,3043712948,Kenyam,Eugenie,3,3,2020-04-09,2023-11-28
984,5108750551107048,dugolottirb@technorati.com,3941002105,Ugolotti,Doro,4,2,2020-11-16,
985,5108752880128398,nfrearrc@baidu.com,4888776042,Frear,Noe,2,2,2020-08-27,2024-01-31
986,5048379418547114,uollenbuttelrd@weebly.com,8956951865,Ollenbuttel,Ulrikaumeko,3,3,2020-09-20,2023-12-14
987,5108754591673183,pshawellre@tmall.com,8289209453,Shawell,Philomena,3,3,2021-12-31,
988,5048374437520853,alowersrf@reuters.com,6371980567,Lowers,Adolphe,2,3,2020-11-20,
989,5108750111612347,ssibaryrg@facebook.com,1036618025,Sibary,Shelby,1,3,2020-03-30,2023-10-30
990,5108750273571026,cismayrh@bloomberg.com,9489269087,Ismay,Charis,1,2,2020-08-12,2024-02-22
991,5048371636701854,amaccorleyri@princeton.edu,9593553238,MacCorley,Abby,1,2,2021-04-16,
992,5108759660709834,jbotcherbyrj@fda.gov,5571911537,Botcherby,Jacquelynn,2,1,2020-06-06,2023-12-28
993,5048376473128186,gdodmanrk@reuters.com,2297175646,Dodman,Giordano,3,2,2020-08-04,2023-05-04
994,5048378103752682,vvannsrl@csmonitor.com,5667463282,Vanns,Valdemar,2,2,2022-09-27,
995,5048371382305918,pchesworthrm@zdnet.com,6381516899,Chesworth,Pooh,2,2,2021-01-11,2023-02-10
996,5108756974694298,fconfortrn@imageshack.us,8351738782,Confort,Franciska,4,3,2022-05-19,
997,5048376352973355,tkoppro@sogou.com,5242219228,Kopp,Tammy,1,1,2021-06-20,
998,5048377580601545,vdallingrp@netscape.com,1115136069,Dalling,Vinita,2,3,2020-12-06,2023-09-08
999,5048378335042878,egisbeyrq@wix.com,2314331648,Gisbey,Elnore,1,1,2021-11-27,2023-03-09
1000,5048377519262831,awhewayrr@pbs.org,8312725819,Wheway,Annemarie,1,3,2020-09-07,
