idnota,nota1,nota2,nota_final,fk_idalumno_nota,createdAt,updatedAt
1,6.82,3.53,5.175,1,2020-11-19,2024-04-15
2,6.4,0.07,3.235,2,2021-06-10,2022-04-30
3,5.73,,2.865,3,2021-02-12,2021-12-30
4,6.94,,3.47,4,2023-05-04,2020-07-16
5,4.09,9.48,6.785,5,2021-05-30,2021-03-31
6,8.15,0.37,,6,2024-03-31,2021-02-21
7,,4.48,,7,2024-01-27,2020-03-31
8,,7.06,3.53,8,2023-10-31,2021-01-19
9,,8.45,,9,2024-05-14,2022-07-23
10,,4.64,,10,2024-06-15,2023-06-22
11,0.81,4.67,,11,2024-01-12,2021-02-25
12,0.86,,0.43,12,2024-08-02,2024-05-29
13,,,,13,2024-03-07,2020-04-30
14,9.74,9.35,,14,2021-03-23,2022-04-04
15,3.65,2.19,2.92,15,2020-10-15,2023-04-18
16,,6.04,,16,2022-01-11,2022-07-23
17,,6.43,,17,2020-07-16,2020-09-13
18,0.88,7.48,4.18,18,2022-10-25,2022-05-05
19,1.76,7.7,,19,2022-01-31,2021-11-08
20,,8.71,4.355,20,2022-06-21,2022-07-19
21,,,0,21,2022-01-23,2024-10-17
22,0.99,4.23,,22,2022-10-07,2024-07-10
23,5.08,5.84,5.46,23,2023-03-12,2023-04-23
24,4.33,8.87,6.6,24,2021-08-15,2020-07-03
25,1.71,3.3,2.505,25,2022-07-26,2023-11-06
26,7.12,2.26,,26,2021-03-17,2021-01-10
27,,2.99,1.495,27,2024-01-26,2022-12-14
28,6.14,3.78,4.96,28,2020-04-15,2024-05-29
29,0.23,6.25,3.24,29,2021-10-23,2021-05-12
30,,,0,30,2024-03-16,2021-04-02
31,7.01,3.77,5.39,31,2021-04-20,2024-09-13
32,6.63,,,32,2020-04-16,2024-07-01
33,6.3,3.57,4.935,33,2020-07-20,2024-08-12
34,,,,34,2024-04-10,2022-10-27
35,6.11,6.72,6.415,35,2023-10-22,2020-03-26
36,9.01,7.78,8.395,36,2021-04-16,2022-08-21
37,,,0,37,2022-02-23,2020-01-25
38,,,0,38,2022-06-12,2023-01-09
39,,,0,39,2022-05-25,2023-05-25
40,3.21,7.51,,40,2023-11-16,2023-07-26
41,0.14,8.75,4.445,41,2020-08-19,2021-07-06
42,0.22,2.27,,42,2021-04-07,2022-06-17
43,,0.63,0.315,43,2021-08-06,2023-10-23
44,3.39,2.65,,44,2020-06-09,2024-06-23
45,9.58,2.77,,45,2024-04-13,2020-01-02
46,0.71,1.89,1.3,46,2022-06-27,2023-02-27
47,7.05,3.16,,47,2020-03-28,2023-02-07
48,8.67,1.1,4.885,48,2023-08-02,2021-04-29
49,6.88,8.93,,49,2022-09-04,2020-09-10
50,,7.17,3.585,50,2023-07-12,2024-07-07
51,2.32,,1.16,51,2023-03-27,2023-03-05
52,,9.26,4.63,52,2021-08-12,2021-04-19
53,1.42,9.38,5.4,53,2024-04-11,2022-09-12
54,6.08,,3.04,54,2020-11-03,2020-05-16
55,,3.79,,55,2021-06-05,2021-11-18
56,8.87,0.47,,56,2023-01-15,2023-05-17
57,,1.55,0.775,57,2020-08-03,2021-10-17
58,4.63,,2.315,58,2024-11-06,2021-06-26
59,2.84,0.16,,59,2024-11-17,2024-03-03
60,,4.52,2.26,60,2021-09-06,2023-07-27
61,7.75,,3.875,61,2023-04-19,2024-06-30
62,,6.53,,62,2021-04-28,2022-07-03
63,3.86,1.0,,63,2022-09-27,2023-08-02
64,4.02,,,64,2022-02-22,2021-12-10
65,4.39,1.17,2.78,65,2021-06-15,2021-02-12
66,8.53,,4.265,66,2022-07-26,2020-10-29
67,,0.42,0.21,67,2022-11-25,2024-05-23
68,9.08,2.84,5.96,68,2024-06-23,2020-09-14
69,8.1,5.8,,69,2022-09-13,2023-12-01
70,5.98,2.52,4.25,70,2020-07-27,2020-05-06
71,6.24,2.71,,71,2023-11-24,2023-03-18
72,3.89,,1.945,72,2023-07-10,2022-06-20
73,4.75,,,73,2023-12-02,2021-05-20
74,,,,74,2023-11-08,2024-05-17
75,0.18,9.38,4.78,75,2020-02-12,2024-02-10
76,1.34,,,76,2023-05-27,2021-11-15
77,3.4,0.17,,77,2021-07-09,2024-04-09
78,9.19,0.87,5.03,78,2024-03-15,2020-11-07
79,4.94,,,79,2023-06-11,2021-09-26
80,,5.89,2.945,80,2020-03-20,2024-10-01
81,5.43,5.49,,81,2021-05-17,2024-01-27
82,,,0,82,2022-06-25,2020-01-28
83,4.07,,2.035,83,2021-06-18,2020-05-15
84,2.63,9.94,,84,2022-02-14,2024-04-06
85,5.83,7.78,,85,2022-12-26,2020-11-26
86,,,,86,2021-11-07,2022-08-26
87,4.46,3.18,,87,2020-09-09,2021-06-27
88,6.83,7.02,,88,2024-02-13,2022-04-13
89,2.4,3.09,,89,2023-05-28,2020-11-21
90,3.84,,,90,2024-06-02,2020-01-22
91,3.15,,,91,2022-07-26,2024-01-23
92,2.14,9.5,5.82,92,2024-01-18,2024-02-03
93,,9.79,4.895,93,2022-09-09,2020-05-31
94,,,0,94,2021-11-09,2020-05-01
95,5.9,5.49,5.695,95,2020-04-09,2022-10-29
96,4.28,5.14,4.71,96,2024-09-05,2024-02-01
97,,6.66,,97,2021-12-24,2020-11-13
98,,,0,98,2022-11-16,2020-10-19
99,,8.4,4.2,99,2024-08-12,2021-08-17
100,6.63,,,100,2020-03-05,2022-08-12
101,1.51,6.28,3.895,101,2021-09-25,2021-05-28
102,,8.58,,102,2024-09-16,2023-02-28
103,0.23,7.95,4.09,103,2020-12-25,2021-10-17
104,7.3,1.96,4.63,104,2024-07-22,2021-06-09
105,7.71,7.56,7.635,105,2020-11-25,2022-01-10
106,,,0,106,2020-08-07,2021-06-28
107,1.89,7.68,4.785,107,2023-01-08,2023-08-25
108,5.35,3.52,4.435,108,2024-11-13,2022-06-13
109,6.75,0.73,,109,2020-09-16,2024-07-09
110,9.07,9.26,,110,2020-02-18,2022-08-05
111,2.12,,,111,2022-11-16,2021-11-08
112,5.78,6.74,,112,2020-07-22,2023-08-02
113,0.66,9.9,5.28,113,2023-07-17,2023-07-28
114,7.35,5.09,,114,2020-09-26,2024-02-04
115,6.18,,3.09,115,2024-07-13,2022-06-15
116,,5.9,2.95,116,2022-10-26,2021-07-29
117,,7.82,3.91,117,2022-04-09,2024-08-09
118,,,0,118,2024-07-24,2022-11-26
119,6.37,4.44,,119,2021-08-14,2020-08-08
120,8.27,7.43,7.85,120,2022-10-09,2023-10-13
121,,4.6,2.3,121,2020-12-30,2021-05-07
122,,7.44,,122,2023-11-02,2024-08-07
123,2.95,3.16,,123,2020-10-10,2020-08-28
124,8.99,,4.495,124,2020-06-10,2023-06-18
125,2.75,0.82,1.785,125,2023-05-20,2022-07-20
126,3.97,,1.985,126,2023-03-08,2021-11-30
127,7.09,1.53,4.31,127,2022-04-20,2020-03-07
128,9.89,,,128,2021-06-18,2020-09-18
129,5.82,5.63,,129,2021-01-03,2020-04-19
130,6.15,0.82,,130,2020-02-16,2020-04-19
131,,2.45,,131,2024-05-04,2024-03-04
132,6.99,5.67,6.33,132,2022-01-05,2022-12-05
133,6.07,5.96,6.015,133,2022-06-15,2022-12-02
134,,0.35,,134,2022-12-25,2023-04-03
135,5.99,,2.995,135,2020-01-04,2022-10-04
136,5.89,0.14,3.015,136,2021-01-21,2020-04-24
137,5.06,,2.53,137,2020-03-26,2023-07-17
138,,7.92,,138,2022-12-07,2024-05-26
139,,2.4,,139,2024-02-08,2022-10-09
140,6.54,,3.27,140,2024-12-08,2022-05-14
141,5.61,,2.805,141,2022-09-01,2021-01-16
142,0.9,4.33,2.615,142,2021-11-08,2020-02-07
143,1.72,,0.86,143,2022-05-23,2022-03-22
144,7.34,8.8,8.07,144,2021-06-10,2020-04-17
145,,6.9,3.45,145,2021-10-01,2020-06-24
146,,5.1,2.55,146,2023-06-18,2022-10-18
147,,,0,147,2024-02-23,2020-01-25
148,9.53,1.63,5.58,148,2021-11-20,2020-05-29
149,6.34,6.11,6.225,149,2020-02-20,2022-03-09
150,6.58,7.33,,150,2024-06-25,2022-07-21
151,1.35,6.67,,151,2022-12-25,2024-07-06
152,8.45,9.92,9.185,152,2022-04-03,2022-06-25
153,,1.31,0.655,153,2022-11-19,2021-04-29
154,0.23,9.99,5.11,154,2023-04-02,2022-08-11
155,6.75,5.96,6.355,155,2020-04-06,2023-05-30
156,,1.71,,156,2023-01-29,2020-04-22
157,,7.58,,157,2021-05-23,2024-07-23
158,9.69,0.18,,158,2020-11-22,2023-07-31
159,8.94,6.2,7.57,159,2023-07-20,2022-08-11
160,,0.44,0.22,160,2023-12-26,2020-10-19
161,1.1,9.46,5.28,161,2024-02-09,2020-05-19
162,,1.0,0.5,162,2020-06-09,2020-04-28
163,2.57,2.59,2.58,163,2021-08-30,2021-03-15
164,2.82,5.56,,164,2022-03-10,2022-01-02
165,5.24,3.69,4.465,165,2024-11-14,2020-07-26
166,8.39,3.93,6.16,166,2021-01-09,2022-10-30
167,,,0,167,2020-08-17,2024-02-18
168,,2.83,1.415,168,2020-08-26,2021-03-26
169,,,0,169,2023-12-01,2022-12-23
170,4.57,,,170,2022-04-08,2022-04-06
171,1.22,8.53,,171,2020-04-06,2024-10-06
172,6.37,8.26,7.315,172,2021-09-20,2021-12-15
173,8.32,,,173,2021-12-20,2022-11-13
174,4.59,6.74,5.665,174,2022-03-21,2023-07-16
175,8.42,6.96,7.69,175,2024-04-18,2022-12-23
176,,,0,176,2023-03-19,2023-08-22
177,1.64,8.28,,177,2024-05-02,2024-11-23
178,6.76,2.91,,178,2022-09-30,2024-10-13
179,8.43,4.84,6.635,179,2021-07-06,2023-03-14
180,8.82,,4.41,180,2023-09-14,2021-11-18
181,,8.81,4.405,181,2021-06-14,2020-01-26
182,3.6,2.62,3.11,182,2020-05-02,2024-06-20
183,,,,183,2022-10-13,2024-04-14
184,1.41,6.98,4.195,184,2022-07-19,2020-07-29
185,,3.47,1.735,185,2022-11-21,2021-04-01
186,,0.43,0.215,186,2024-06-29,2024-03-04
187,,9.59,4.795,187,2021-04-04,2024-01-20
188,,4.57,2.285,188,2020-05-14,2020-09-02
189,0.86,0.72,0.79,189,2021-10-01,2024-11-23
190,6.24,,3.12,190,2023-09-26,2021-04-21
191,,,0,191,2021-10-03,2020-04-24
192,8.38,1.95,5.165,192,2021-02-28,2023-04-19
193,,4.21,2.105,193,2024-05-04,2024-11-01
194,0.21,,,194,2022-06-30,2023-11-08
195,,1.81,,195,2024-02-18,2020-10-09
196,,5.32,,196,2021-04-25,2023-08-17
197,0.3,,,197,2024-01-21,2023-04-13
198,2.0,,1.0,198,2024-12-07,2022-03-08
199,9.1,,4.55,199,2021-05-04,2022-01-07
200,4.58,,2.29,200,2020-04-30,2021-10-27
201,2.38,,,201,2021-10-24,2020-12-11
202,3.3,3.14,3.22,202,2021-12-24,2024-01-20
203,,,0,203,2023-12-03,2020-06-23
204,2.0,,1.0,204,2023-09-17,2022-07-07
205,5.93,,,205,2022-10-11,2024-01-05
206,3.62,0.74,2.18,206,2023-07-08,2021-02-12
207,4.84,1.01,,207,2020-04-16,2021-02-16
208,,2.05,,208,2021-06-03,2022-06-27
209,,1.29,0.645,209,2024-01-06,2024-05-07
210,1.28,,0.64,210,2024-03-05,2023-02-28
211,1.86,0.97,1.415,211,2022-05-30,2022-08-04
212,8.91,,,212,2022-04-20,2023-04-06
213,,3.14,1.57,213,2023-10-28,2024-05-12
214,0.43,5.99,3.21,214,2022-05-11,2023-03-15
215,1.61,9.56,5.585,215,2023-10-13,2022-01-13
216,4.14,4.54,4.34,216,2022-06-06,2022-01-14
217,,,,217,2022-11-22,2022-12-31
218,,,0,218,2020-08-17,2023-11-30
219,1.19,3.41,2.3,219,2024-05-05,2024-08-01
220,3.49,7.26,5.375,220,2020-03-10,2022-05-25
221,3.58,0.29,,221,2023-09-10,2023-09-23
222,5.95,,2.975,222,2020-08-07,2024-02-06
223,1.49,,0.745,223,2020-12-21,2023-04-21
224,,0.32,,224,2022-06-12,2022-04-25
225,1.63,7.72,,225,2022-12-29,2023-07-23
226,7.96,,3.98,226,2024-09-13,2024-11-18
227,7.51,8.55,8.03,227,2021-05-05,2022-09-11
228,3.94,,1.97,228,2023-12-23,2020-11-04
229,0.26,,,229,2024-01-16,2020-04-23
230,3.73,7.34,,230,2021-11-03,2021-11-17
231,,,,231,2021-04-30,2021-04-16
232,4.38,,,232,2021-05-11,2023-03-29
233,0.2,1.34,0.77,233,2022-06-08,2022-05-09
234,5.66,,2.83,234,2024-03-30,2021-08-06
235,,1.27,0.635,235,2021-03-19,2021-10-21
236,8.62,5.56,7.09,236,2024-04-10,2023-10-21
237,2.2,9.96,6.08,237,2023-10-27,2022-12-20
238,3.8,4.23,4.015,238,2020-07-13,2021-05-21
239,,,0,239,2023-01-09,2022-10-22
240,,,,240,2020-07-06,2021-06-27
241,2.84,7.14,,241,2023-07-26,2024-06-09
242,3.64,,1.82,242,2021-09-01,2024-04-08
243,1.65,9.96,5.805,243,2020-03-04,2020-11-20
244,,,0,244,2021-01-21,2024-07-08
245,,1.77,0.885,245,2020-08-24,2021-09-01
246,0.51,4.01,2.26,246,2024-07-25,2022-10-03
247,,,0,247,2021-12-21,2024-03-04
248,6.68,6.02,6.35,248,2022-09-04,2024-12-17
249,6.47,8.16,,249,2021-11-29,2020-08-26
250,5.64,5.81,,250,2020-08-26,2021-05-06
251,5.31,,,251,2024-04-21,2024-05-29
252,,,,252,2023-08-29,2022-06-06
253,7.4,,,253,2022-02-13,2023-02-26
254,6.89,8.61,7.75,254,2023-06-06,2020-10-16
255,,7.45,,255,2022-06-15,2024-08-19
256,,1.7,0.85,256,2020-05-30,2022-01-25
257,1.78,,,257,2022-10-21,2024-07-14
258,,7.29,3.645,258,2022-03-28,2020-06-30
259,4.51,,2.255,259,2023-12-28,2021-03-17
260,4.1,5.95,5.025,260,2021-05-21,2023-10-26
261,9.86,,4.93,261,2023-05-17,2023-11-03
262,9.34,4.11,6.725,262,2021-06-25,2022-03-21
263,6.45,,,263,2021-09-07,2023-07-11
264,8.88,3.53,6.205,264,2022-11-28,2020-10-14
265,7.66,,,265,2022-11-19,2024-07-24
266,2.68,,1.34,266,2024-11-22,2020-05-11
267,,1.19,,267,2022-11-07,2024-11-17
268,,9.3,4.65,268,2021-09-08,2023-06-08
269,,,0,269,2024-03-12,2024-04-30
270,7.77,7.07,,270,2024-09-15,2020-04-17
271,4.51,0.33,2.42,271,2020-06-07,2021-06-06
272,,8.62,4.31,272,2022-06-16,2024-12-02
273,,2.51,1.255,273,2023-09-06,2020-10-25
274,,7.35,3.675,274,2022-06-14,2023-05-11
275,,,,275,2024-04-30,2022-02-15
276,8.56,3.71,6.135,276,2023-07-18,2021-01-11
277,4.4,,2.2,277,2021-05-08,2022-11-22
278,,,0,278,2023-02-25,2020-04-03
279,0.3,9.99,,279,2021-06-26,2023-01-08
280,0.36,6.51,3.435,280,2021-02-01,2023-05-06
281,5.26,,2.63,281,2024-04-24,2020-10-28
282,4.78,2.55,3.665,282,2021-06-12,2021-03-23
283,5.53,,,283,2021-10-05,2022-09-19
284,0.04,3.52,1.78,284,2020-12-03,2020-01-06
285,,,,285,2022-01-26,2022-01-15
286,,5.79,,286,2023-04-25,2021-12-06
287,4.22,6.59,5.405,287,2024-10-25,2024-07-20
288,2.84,,,288,2020-10-04,2021-08-10
289,9.36,,4.68,289,2024-05-09,2020-04-14
290,0.27,7.03,3.65,290,2023-01-07,2022-04-24
291,4.23,2.76,,291,2023-08-10,2023-06-22
292,,2.49,1.245,292,2024-02-16,2023-04-25
293,0.35,5.86,3.105,293,2024-08-09,2023-04-22
294,2.83,3.27,,294,2023-07-20,2021-07-26
295,4.09,7.57,5.83,295,2023-07-19,2021-05-22
296,9.38,6.06,7.72,296,2021-06-21,2022-09-24
297,0.64,1.12,0.88,297,2022-01-05,2023-12-07
298,,1.61,0.805,298,2022-07-26,2020-01-22
299,0.65,,,299,2020-05-30,2021-02-13
300,,6.82,3.41,300,2023-05-06,2020-01-12
301,5.01,,2.505,301,2022-08-29,2022-09-07
302,,4.65,2.325,302,2023-02-10,2022-03-18
303,,4.64,2.32,303,2021-01-23,2022-10-18
304,0.57,5.44,3.005,304,2020-06-14,2021-07-16
305,,5.24,2.62,305,2020-02-24,2022-07-13
306,,9.64,,306,2021-12-19,2023-09-01
307,8.81,7.99,8.4,307,2023-09-26,2020-02-25
308,9.48,0.85,5.165,308,2022-08-10,2020-10-05
309,,7.66,3.83,309,2021-04-17,2020-03-25
310,,4.09,,310,2023-03-22,2024-02-07
311,1.12,7.58,,311,2021-10-26,2020-04-23
312,,,0,312,2023-01-03,2024-04-07
313,5.07,,,313,2023-12-27,2020-10-07
314,,2.47,,314,2024-09-27,2024-09-30
315,7.86,1.99,,315,2020-09-19,2024-03-16
316,4.91,4.93,4.92,316,2020-08-21,2023-08-25
317,,3.25,,317,2023-06-09,2020-10-09
318,3.82,,1.91,318,2020-05-30,2021-02-05
319,3.54,6.69,,319,2020-05-09,2024-01-31
320,0.8,5.36,,320,2022-01-19,2021-09-18
321,9.77,5.33,7.55,321,2024-07-14,2021-09-02
322,7.54,,,322,2023-10-03,2020-11-16
323,0.81,4.21,,323,2023-04-25,2021-04-08
324,4.45,,2.225,324,2021-08-15,2020-01-16
325,9.31,0.64,4.975,325,2020-01-09,2020-10-09
326,5.48,,,326,2021-09-05,2020-10-11
327,8.37,,4.185,327,2023-09-23,2024-04-28
328,8.2,2.1,5.15,328,2024-10-04,2022-01-16
329,,,0,329,2024-02-16,2022-05-03
330,5.37,3.4,,330,2024-01-07,2024-07-03
331,1.41,9.68,5.545,331,2022-03-02,2021-03-18
332,,,,332,2022-10-11,2022-03-14
333,9.0,9.54,,333,2020-10-26,2021-02-24
334,6.9,,,334,2022-05-29,2024-08-23
335,5.31,8.05,6.68,335,2021-03-11,2020-10-30
336,6.12,6.08,6.1,336,2021-08-14,2022-05-07
337,,,,337,2022-03-02,2024-12-14
338,,3.85,1.925,338,2022-11-10,2020-06-14
339,3.21,7.17,5.19,339,2024-09-30,2022-08-30
340,8.59,,,340,2021-02-24,2024-05-19
341,,4.47,2.235,341,2022-03-28,2021-12-21
342,8.08,0.77,,342,2024-05-15,2023-03-16
343,,6.69,3.345,343,2024-06-05,2022-06-04
344,3.03,0.43,,344,2024-10-24,2022-05-17
345,3.37,1.46,2.415,345,2024-08-01,2024-06-19
346,6.77,1.06,3.915,346,2024-04-23,2022-02-14
347,6.15,,3.075,347,2020-02-18,2024-05-26
348,,2.31,,348,2020-07-27,2021-10-04
349,3.87,3.63,3.75,349,2020-07-29,2023-01-29
350,8.87,6.63,7.75,350,2022-09-13,2022-12-08
351,,1.5,0.75,351,2023-09-22,2022-03-28
352,6.97,,3.485,352,2020-10-08,2024-03-05
353,2.08,9.86,5.97,353,2022-02-02,2023-07-05
354,2.11,0.95,,354,2021-07-25,2022-10-14
355,,,0,355,2024-03-11,2020-08-03
356,9.59,1.95,5.77,356,2022-11-02,2020-11-24
357,0.6,0.05,,357,2023-03-10,2020-12-09
358,,2.26,1.13,358,2024-10-18,2021-04-01
359,5.26,,2.63,359,2023-11-09,2023-08-17
360,7.75,8.02,,360,2022-02-04,2021-02-23
361,,5.84,2.92,361,2021-06-01,2021-09-10
362,9.9,5.24,7.57,362,2024-10-19,2020-11-06
363,8.31,,4.155,363,2024-04-20,2023-07-31
364,2.27,6.58,4.425,364,2022-10-28,2020-06-20
365,,7.07,,365,2020-05-03,2022-06-09
366,0.17,0.99,0.58,366,2023-05-20,2022-02-12
367,7.97,2.6,5.285,367,2020-05-08,2020-02-20
368,4.56,,,368,2023-02-24,2020-05-18
369,,,0,369,2022-03-14,2020-10-20
370,,1.59,0.795,370,2023-09-23,2023-07-31
371,,5.5,2.75,371,2023-07-20,2024-10-01
372,,7.7,3.85,372,2023-07-01,2020-05-10
373,3.67,6.09,4.88,373,2020-11-18,2022-05-10
374,2.67,0.93,1.8,374,2022-08-05,2023-12-29
375,7.23,3.43,,375,2021-12-23,2024-12-03
376,,3.21,1.605,376,2024-03-26,2024-06-08
377,5.2,,,377,2024-01-31,2021-08-24
378,1.2,,0.6,378,2023-09-25,2021-11-29
379,,5.2,,379,2020-05-18,2022-10-31
380,3.2,0.68,,380,2023-04-05,2022-05-13
381,6.43,,3.215,381,2020-11-17,2022-01-24
382,7.51,5.98,,382,2022-07-30,2023-04-16
383,,,0,383,2022-02-16,2023-02-02
384,2.55,6.14,4.345,384,2023-03-27,2020-04-07
385,8.07,,,385,2023-07-15,2023-06-23
386,2.79,9.46,,386,2021-06-07,2023-04-06
387,9.62,5.35,7.485,387,2021-05-08,2021-09-21
388,9.83,7.08,,388,2023-04-30,2022-08-25
389,0.42,,,389,2024-08-28,2023-05-21
390,,,0,390,2020-09-24,2023-06-18
391,1.52,8.98,5.25,391,2023-03-10,2023-07-11
392,,1.34,,392,2024-01-30,2020-08-26
393,2.27,4.48,3.375,393,2022-09-10,2024-09-01
394,9.89,,,394,2020-01-29,2023-06-12
395,8.56,3.91,,395,2022-07-07,2022-08-15
396,8.74,6.48,7.61,396,2020-08-20,2020-10-03
397,2.07,,1.035,397,2024-08-09,2021-05-12
398,,,0,398,2022-12-25,2022-02-19
399,8.38,5.74,7.06,399,2024-04-30,2024-04-30
400,,6.24,3.12,400,2021-04-25,2023-06-19
401,9.08,5.5,7.29,401,2022-11-04,2024-01-25
402,6.62,,3.31,402,2022-03-18,2023-04-28
403,1.01,,,403,2022-12-18,2022-07-07
404,,8.68,,404,2020-08-27,2020-10-01
405,1.14,9.64,5.39,405,2022-05-24,2024-09-06
406,0.05,8.88,,406,2020-08-06,2024-03-06
407,2.49,7.77,,407,2023-07-12,2020-01-31
408,4.92,4.96,,408,2021-01-26,2023-07-15
409,,2.57,,409,2024-03-10,2021-11-13
410,,3.97,,410,2022-07-31,2024-04-13
411,9.16,9.64,9.4,411,2020-01-03,2020-07-24
412,3.48,4.14,,412,2024-02-27,2020-11-21
413,0.78,,0.39,413,2023-08-27,2024-07-18
414,7.39,3.8,5.595,414,2024-10-27,2021-05-05
415,3.49,6.48,4.985,415,2020-11-29,2023-04-30
416,,4.47,,416,2023-04-04,2023-10-07
417,8.82,,,417,2024-07-24,2020-09-14
418,,2.05,,418,2022-07-13,2020-11-17
419,0.49,,0.245,419,2024-04-09,2021-09-13
420,,9.08,,420,2021-03-15,2024-12-10
421,5.86,2.11,,421,2023-05-18,2024-08-05
422,8.46,7.78,,422,2022-05-28,2023-04-11
423,3.86,,1.93,423,2024-07-17,2023-05-31
424,,,,424,2023-03-01,2022-04-16
425,2.21,2.42,2.315,425,2021-07-09,2020-09-25
426,,,0,426,2020-09-12,2021-07-26
427,0.39,3.28,1.835,427,2022-08-09,2020-11-19
428,4.15,,2.075,428,2024-05-16,2022-02-13
429,,4.3,2.15,429,2024-01-20,2022-02-18
430,3.69,9.57,6.63,430,2024-08-31,2023-08-20
431,,,,431,2023-10-23,2024-03-06
432,9.32,2.28,5.8,432,2024-05-01,2022-04-15
433,7.28,,3.64,433,2024-03-30,2020-12-09
434,2.92,1.41,,434,2020-11-28,2023-12-26
435,3.05,7.37,5.21,435,2023-05-19,2020-12-09
436,5.89,,,436,2020-07-29,2021-06-22
437,9.54,1.07,5.305,437,2023-05-28,2021-07-10
438,2.27,6.3,4.285,438,2022-03-24,2020-04-28
439,,8.25,,439,2024-03-01,2021-03-22
440,9.35,7.46,8.405,440,2022-01-21,2021-01-16
441,,5.82,2.91,441,2022-07-05,2020-07-18
442,2.07,3.56,,442,2023-06-02,2023-02-23
443,3.78,,1.89,443,2023-07-06,2021-04-23
444,6.88,3.17,5.025,444,2020-08-04,2024-08-29
445,1.47,,,445,2021-04-14,2020-07-08
446,,,0,446,2020-06-21,2020-12-23
447,2.56,,,447,2022-05-04,2023-01-03
448,4.24,,2.12,448,2023-02-04,2024-04-22
449,5.33,,2.665,449,2021-05-04,2020-01-15
450,5.32,,,450,2022-01-30,2020-06-29
451,2.41,5.4,3.905,451,2022-02-20,2023-03-09
452,2.3,6.56,,452,2020-01-22,2021-07-17
453,,1.06,,453,2020-01-30,2020-09-13
454,7.04,9.92,8.48,454,2023-12-20,2021-09-17
455,2.63,,,455,2022-01-21,2021-09-22
456,3.05,8.28,,456,2020-10-18,2022-09-10
457,4.74,0.96,,457,2020-02-15,2021-07-31
458,7.27,6.15,,458,2022-01-09,2024-11-18
459,9.73,,,459,2023-02-22,2022-03-03
460,9.68,0.63,,460,2024-09-25,2020-09-01
461,8.92,,,461,2021-10-10,2023-09-20
462,,0.78,0.39,462,2021-08-08,2022-11-24
463,,2.54,,463,2023-06-17,2021-06-29
464,9.34,2.92,,464,2024-10-25,2024-07-30
465,5.94,2.94,,465,2023-01-25,2023-07-13
466,4.28,9.28,,466,2024-10-27,2024-06-20
467,4.18,7.67,,467,2022-05-10,2022-07-05
468,7.68,5.76,6.72,468,2024-09-05,2020-12-18
469,6.15,,,469,2021-02-07,2022-09-29
470,6.78,,3.39,470,2024-04-02,2024-08-17
471,,4.62,2.31,471,2021-05-27,2023-05-19
472,5.32,,,472,2021-10-29,2021-05-14
473,4.83,7.32,6.075,473,2023-12-09,2021-08-22
474,3.15,5.55,4.35,474,2023-04-29,2020-09-07
475,,5.92,2.96,475,2021-02-01,2020-01-25
476,,5.8,2.9,476,2020-11-07,2020-04-18
477,2.65,1.93,,477,2022-08-04,2021-06-29
478,2.88,9.5,6.19,478,2023-08-21,2024-01-17
479,2.0,9.3,5.65,479,2022-09-18,2024-01-20
480,8.44,5.18,6.81,480,2023-03-31,2022-09-26
481,5.91,2.8,,481,2021-11-28,2022-05-06
482,0.77,5.11,2.94,482,2020-02-28,2021-07-03
483,4.85,3.33,,483,2020-03-31,2021-10-24
484,9.3,3.35,,484,2021-07-15,2023-06-10
485,,8.48,,485,2023-10-09,2020-11-11
486,9.23,3.87,,486,2022-01-24,2024-03-22
487,2.68,0.97,1.825,487,2022-04-14,2020-03-11
488,4.73,9.81,7.27,488,2021-09-03,2022-07-31
489,,7.45,3.725,489,2021-10-16,2024-01-07
490,,9.74,4.87,490,2020-07-18,2021-06-18
491,4.93,4.3,4.615,491,2024-02-07,2023-04-29
492,3.73,,,492,2023-01-02,2023-03-30
493,2.14,2.47,,493,2024-09-10,2022-08-16
494,8.04,7.56,7.8,494,2023-11-02,2023-04-28
495,5.17,,2.585,495,2023-10-30,2023-07-07
496,4.4,4.52,4.46,496,2023-02-07,2022-10-19
497,,,0,497,2020-06-21,2021-08-24
498,,9.28,4.64,498,2020-04-11,2020-05-10
499,,7.82,3.91,499,2023-11-17,2022-10-12
500,,4.13,,500,2023-07-12,2020-11-24
501,,8.89,,501,2024-04-17,2021-03-29
502,5.83,8.36,7.095,502,2020-07-16,2024-01-24
503,2.92,4.65,,503,2020-06-10,2023-06-07
504,2.39,6.54,4.465,504,2020-07-08,2020-12-06
505,9.69,2.79,6.24,505,2023-04-02,2020-07-20
506,3.38,3.75,,506,2024-11-10,2020-09-18
507,5.25,1.81,,507,2021-08-28,2022-12-29
508,,,0,508,2023-06-25,2023-02-14
509,4.13,7.95,6.04,509,2024-01-15,2021-11-09
510,4.44,8.7,,510,2024-07-17,2021-03-13
511,,3.93,1.965,511,2021-11-04,2021-12-14
512,,1.39,0.695,512,2020-09-21,2022-07-31
513,7.7,7.15,7.425,513,2024-09-19,2023-01-15
514,9.71,,4.855,514,2023-03-17,2023-03-17
515,8.43,7.94,8.185,515,2021-09-03,2023-09-16
516,5.45,,2.725,516,2023-02-24,2020-05-24
517,4.64,0.11,,517,2020-11-23,2020-05-08
518,7.55,,,518,2022-04-25,2021-08-15
519,,7.79,3.895,519,2020-02-11,2024-09-27
520,3.69,7.0,,520,2021-11-17,2024-11-18
521,,,0,521,2020-07-14,2021-10-22
522,,1.94,,522,2022-03-07,2022-07-21
523,,5.14,,523,2022-12-28,2022-01-05
524,4.06,0.07,2.065,524,2022-02-13,2024-01-07
525,3.62,2.94,3.28,525,2024-04-28,2024-10-29
526,9.28,5.27,7.275,526,2020-10-30,2020-12-23
527,7.06,,,527,2021-06-13,2024-02-02
528,6.65,,3.325,528,2024-11-07,2024-04-26
529,9.07,5.98,,529,2022-10-03,2022-10-16
530,4.71,,,530,2023-10-18,2022-12-30
531,,,0,531,2024-02-04,2023-02-13
532,6.67,1.19,3.93,532,2024-06-14,2022-02-15
533,9.83,,4.915,533,2023-12-14,2020-01-08
534,7.76,2.25,5.005,534,2022-03-12,2024-03-01
535,7.91,,3.955,535,2023-10-21,2022-04-27
536,,,0,536,2021-03-23,2020-09-07
537,2.72,1.33,2.025,537,2023-04-10,2020-10-03
538,4.19,9.3,6.745,538,2024-06-19,2023-06-01
539,6.49,5.63,6.06,539,2021-05-17,2021-11-08
540,,2.9,,540,2022-10-06,2023-04-26
541,,1.56,,541,2021-11-17,2020-05-04
542,2.93,9.44,,542,2024-05-15,2021-10-29
543,,,0,543,2020-11-30,2024-07-21
544,2.25,,1.125,544,2023-06-17,2022-01-17
545,9.35,,4.675,545,2020-06-19,2020-03-09
546,,4.12,,546,2023-11-06,2024-01-01
547,8.05,,4.025,547,2022-05-18,2021-07-11
548,9.18,,,548,2021-05-01,2023-09-11
549,0.1,,0.05,549,2024-09-17,2021-08-24
550,5.8,,,550,2021-07-30,2021-12-01
551,,4.34,2.17,551,2024-09-11,2023-03-25
552,,1.88,0.94,552,2024-07-28,2023-05-23
553,1.32,6.81,4.065,553,2022-08-23,2024-09-09
554,,,0,554,2021-03-12,2022-01-25
555,8.11,,4.055,555,2023-01-17,2020-10-26
556,1.73,2.45,,556,2021-07-15,2020-06-22
557,4.44,3.98,4.21,557,2020-08-21,2021-10-31
558,,3.39,1.695,558,2024-03-30,2022-09-18
559,3.41,9.34,6.375,559,2022-02-19,2021-10-09
560,,6.04,,560,2020-02-02,2023-08-21
561,3.64,4.11,3.875,561,2021-02-02,2022-12-07
562,2.7,2.32,2.51,562,2022-04-12,2021-08-25
563,7.53,5.7,,563,2022-03-28,2022-12-14
564,8.11,,4.055,564,2023-07-22,2024-02-27
565,,1.34,0.67,565,2021-10-03,2023-04-05
566,,,,566,2021-05-21,2022-01-17
567,,,0,567,2024-05-09,2022-08-23
568,8.2,7.05,7.625,568,2022-07-17,2021-08-07
569,8.47,2.54,,569,2022-07-11,2021-04-11
570,,7.76,,570,2024-03-14,2022-10-15
571,9.7,7.4,8.55,571,2021-07-08,2024-12-12
572,6.41,5.82,6.115,572,2020-06-27,2024-03-16
573,9.48,1.34,,573,2023-05-24,2024-04-11
574,8.27,1.53,,574,2021-06-19,2020-12-23
575,2.0,3.17,2.585,575,2023-03-16,2024-02-08
576,,,,576,2023-10-10,2020-03-26
577,,,,577,2022-06-18,2020-09-11
578,1.88,,0.94,578,2022-09-04,2024-01-07
579,2.98,0.84,1.91,579,2020-12-29,2020-10-21
580,,6.86,,580,2020-09-16,2020-11-04
581,2.36,5.32,3.84,581,2023-05-01,2023-08-19
582,7.76,9.13,8.445,582,2021-07-27,2023-02-09
583,4.9,9.54,7.22,583,2024-01-22,2024-11-09
584,,,,584,2022-07-29,2020-08-18
585,1.68,,0.84,585,2023-03-07,2021-11-04
586,,9.63,,586,2023-05-01,2024-10-16
587,2.63,2.47,2.55,587,2021-09-14,2023-12-03
588,,,0,588,2022-01-01,2023-12-09
589,,,0,589,2020-10-12,2021-12-10
590,8.55,2.7,,590,2024-11-05,2020-07-08
591,3.49,0.35,,591,2024-01-08,2024-02-23
592,2.26,3.82,,592,2022-12-22,2021-06-07
593,8.78,,4.39,593,2023-04-14,2021-01-23
594,2.33,3.88,3.105,594,2021-05-09,2024-10-23
595,,5.01,2.505,595,2022-08-04,2024-03-22
596,,,0,596,2022-07-15,2024-02-05
597,,6.67,3.335,597,2021-10-28,2023-12-20
598,,,0,598,2022-06-21,2023-05-09
599,6.96,,3.48,599,2024-10-23,2024-10-30
600,,,,600,2022-03-18,2021-01-31
601,3.71,4.69,4.2,601,2020-10-15,2020-04-28
602,,0.4,,602,2023-11-03,2023-12-18
603,,8.0,,603,2020-04-07,2020-05-22
604,0.82,,0.41,604,2021-08-10,2024-07-08
605,3.46,5.84,4.65,605,2023-05-28,2021-04-09
606,1.82,,,606,2021-03-14,2020-01-11
607,9.97,2.12,,607,2021-06-02,2024-05-10
608,2.22,,1.11,608,2023-09-15,2022-01-08
609,,2.6,1.3,609,2023-10-08,2024-08-29
610,0.95,,,610,2024-03-05,2021-10-20
611,3.62,8.33,5.975,611,2021-11-15,2024-01-10
612,3.62,4.82,4.22,612,2023-12-09,2021-10-06
613,,1.97,0.985,613,2023-05-01,2020-04-29
614,8.69,5.97,,614,2024-01-02,2020-05-31
615,1.33,4.44,,615,2023-01-31,2023-11-22
616,4.23,8.5,6.365,616,2024-10-04,2023-10-02
617,4.43,7.55,,617,2020-03-12,2023-08-29
618,9.36,,,618,2024-09-05,2023-12-15
619,2.67,,,619,2022-06-24,2024-11-22
620,,1.76,,620,2022-03-22,2022-04-24
621,,4.12,,621,2022-02-24,2023-03-30
622,0.75,5.14,,622,2022-11-02,2020-03-15
623,9.63,7.48,,623,2023-12-29,2024-12-25
624,4.59,5.07,,624,2024-05-30,2024-10-20
625,3.51,,1.755,625,2023-07-29,2023-12-17
626,2.43,8.27,,626,2021-06-15,2021-07-08
627,8.2,7.58,7.89,627,2020-07-11,2020-07-06
628,3.99,,1.995,628,2020-05-10,2024-06-27
629,0.31,9.22,,629,2021-02-22,2024-12-14
630,0.51,,,630,2024-08-12,2020-09-05
631,7.74,,,631,2021-07-26,2024-11-02
632,,0.99,,632,2024-11-20,2020-06-08
633,8.81,2.74,5.775,633,2023-06-29,2022-09-18
634,2.42,,1.21,634,2022-08-02,2023-01-10
635,,0.64,0.32,635,2020-01-21,2022-12-04
636,8.07,9.36,8.715,636,2021-08-20,2020-11-12
637,,,0,637,2023-09-24,2022-09-27
638,7.98,7.14,,638,2021-08-02,2024-11-15
639,0.83,6.9,,639,2022-08-18,2024-03-04
640,5.07,,,640,2020-08-22,2021-07-29
641,5.12,1.07,3.095,641,2022-02-20,2021-03-31
642,,2.26,1.13,642,2020-12-19,2023-11-23
643,1.65,1.65,,643,2021-12-03,2022-02-06
644,5.54,8.4,6.97,644,2020-06-30,2020-12-31
645,4.24,7.6,,645,2021-08-07,2021-07-23
646,1.43,9.42,,646,2024-08-24,2024-09-16
647,4.32,1.31,,647,2023-12-22,2023-09-02
648,5.95,,2.975,648,2022-10-18,2020-07-09
649,,8.09,4.045,649,2024-08-21,2024-02-07
650,,7.9,3.95,650,2020-11-16,2023-08-30
651,,,,651,2021-06-22,2021-07-11
652,0.94,4.87,2.905,652,2020-01-13,2024-03-19
653,6.24,9.95,8.095,653,2021-10-01,2024-07-01
654,,,0,654,2022-06-28,2020-04-18
655,0.99,8.54,4.765,655,2021-09-26,2020-12-31
656,7.72,,3.86,656,2024-11-23,2024-06-27
657,8.22,2.44,5.33,657,2021-12-21,2021-03-04
658,,6.11,,658,2021-10-26,2023-08-12
659,1.34,4.73,,659,2020-02-18,2024-12-28
660,5.44,8.5,6.97,660,2022-04-16,2022-09-24
661,4.95,4.49,4.72,661,2024-10-08,2022-08-18
662,5.78,9.66,7.72,662,2021-06-22,2024-02-14
663,8.98,0.03,4.505,663,2023-11-27,2022-10-15
664,3.62,7.26,5.44,664,2022-01-30,2024-05-08
665,5.42,8.08,,665,2021-01-22,2020-02-15
666,1.03,6.5,3.765,666,2021-06-04,2023-05-26
667,,,,667,2024-09-10,2022-02-07
668,,3.4,1.7,668,2021-06-02,2023-02-26
669,,,0,669,2020-11-30,2023-08-24
670,1.25,8.34,,670,2020-01-19,2021-06-04
671,8.31,7.26,7.785,671,2023-09-07,2024-02-14
672,1.59,0.23,,672,2021-03-12,2022-02-02
673,,0.67,0.335,673,2021-12-09,2020-07-30
674,5.01,3.01,4.01,674,2023-02-14,2024-08-27
675,7.98,,,675,2023-09-19,2024-09-17
676,5.43,8.53,6.98,676,2022-03-23,2021-08-04
677,9.17,9.69,9.43,677,2023-09-23,2024-04-24
678,6.11,7.52,6.815,678,2020-07-31,2021-10-25
679,,9.62,4.81,679,2020-04-22,2022-02-10
680,,3.18,,680,2023-03-28,2022-11-10
681,3.55,2.19,,681,2020-08-15,2024-03-22
682,4.14,7.85,5.995,682,2020-08-03,2022-06-15
683,,4.41,2.205,683,2020-12-01,2020-07-16
684,1.38,7.86,,684,2024-09-05,2020-06-06
685,4.51,2.09,3.3,685,2022-09-09,2020-01-23
686,,4.69,2.345,686,2020-04-26,2023-02-11
687,,,,687,2024-04-26,2020-04-13
688,7.2,6.97,,688,2023-05-03,2022-10-26
689,2.62,,1.31,689,2020-07-04,2024-04-10
690,3.56,5.22,4.39,690,2021-01-17,2024-01-04
691,,6.26,3.13,691,2022-12-11,2023-03-28
692,5.12,2.2,3.66,692,2021-11-20,2022-10-06
693,1.05,8.22,4.635,693,2023-10-26,2022-07-26
694,1.74,,0.87,694,2024-12-22,2021-05-01
695,,2.57,,695,2024-07-03,2024-04-10
696,,7.52,3.76,696,2020-03-16,2023-05-17
697,7.4,,,697,2021-09-16,2023-09-16
698,6.79,,3.395,698,2022-08-08,2023-05-08
699,,5.18,2.59,699,2022-02-28,2022-07-05
700,,4.08,2.04,700,2020-06-06,2024-06-02
701,3.53,8.17,5.85,701,2022-04-25,2020-07-11
702,1.58,2.0,1.79,702,2022-01-31,2022-09-24
703,,,,703,2024-09-04,2021-09-26
704,2.01,,,704,2022-03-20,2024-04-14
705,,,0,705,2024-12-25,2022-01-17
706,0.79,,,706,2022-12-08,2022-04-07
707,1.02,,0.51,707,2021-07-15,2024-02-20
708,7.0,2.74,4.87,708,2021-06-19,2022-04-05
709,1.48,,,709,2022-06-23,2020-01-04
710,,5.94,,710,2022-09-07,2023-04-15
711,2.43,1.52,1.975,711,2020-08-02,2020-05-04
712,3.87,,1.935,712,2020-06-23,2020-09-05
713,6.86,0.6,3.73,713,2020-04-17,2024-08-04
714,1.48,0.03,,714,2024-05-24,2023-05-03
715,9.94,,4.97,715,2024-01-02,2023-05-23
716,7.3,,3.65,716,2023-11-14,2021-07-03
717,,,0,717,2022-08-01,2023-12-19
718,,5.72,2.86,718,2024-11-30,2023-02-09
719,9.64,,,719,2022-04-04,2022-01-26
720,,0.82,0.41,720,2022-01-24,2024-06-12
721,,,0,721,2022-08-07,2022-03-04
722,2.25,,1.125,722,2020-03-24,2024-01-20
723,,4.67,,723,2023-08-19,2022-12-14
724,,1.36,0.68,724,2022-05-18,2023-06-11
725,6.32,,3.16,725,2021-11-25,2020-02-06
726,6.39,6.99,6.69,726,2020-04-13,2020-01-24
727,,,0,727,2021-04-28,2023-07-16
728,,,,728,2024-03-23,2022-10-24
729,,6.96,3.48,729,2024-09-13,2020-09-23
730,9.44,3.44,,730,2022-11-22,2022-05-31
731,,4.75,,731,2021-02-26,2021-07-19
732,,9.13,,732,2024-08-22,2022-07-02
733,2.62,7.58,5.1,733,2020-09-17,2024-05-02
734,0.49,,0.245,734,2024-03-27,2023-10-05
735,2.95,3.23,,735,2021-08-23,2023-08-26
736,4.68,7.12,,736,2021-01-10,2024-10-24
737,3.98,,1.99,737,2022-08-22,2020-08-28
738,,,0,738,2021-03-20,2024-08-09
739,3.5,1.42,2.46,739,2022-12-17,2020-03-24
740,,,,740,2020-05-26,2024-12-18
741,0.18,2.09,,741,2022-08-21,2020-08-02
742,,,0,742,2024-06-29,2020-05-03
743,,0.31,,743,2023-07-04,2021-04-09
744,,,0,744,2020-03-17,2020-06-16
745,,3.15,1.575,745,2022-02-13,2024-11-19
746,,,0,746,2020-08-04,2024-09-08
747,,9.31,,747,2024-05-01,2021-12-31
748,1.02,8.84,,748,2023-01-02,2024-09-09
749,7.56,3.16,5.36,749,2020-09-01,2024-02-05
750,,3.14,1.57,750,2020-09-08,2022-05-03
751,,,0,751,2020-10-23,2022-04-22
752,9.61,2.31,,752,2024-08-31,2023-05-14
753,7.21,7.48,7.345,753,2021-03-21,2024-12-25
754,1.75,,0.875,754,2023-01-08,2021-12-01
755,6.06,4.94,5.5,755,2022-11-03,2021-08-30
756,5.13,8.71,6.92,756,2024-01-25,2021-06-25
757,,5.08,,757,2020-01-15,2020-12-27
758,3.83,8.13,5.98,758,2024-02-17,2021-07-01
759,2.42,,,759,2020-04-27,2021-11-18
760,6.99,,3.495,760,2022-10-16,2023-06-24
761,2.24,8.55,,761,2023-02-13,2020-04-11
762,7.24,4.83,6.035,762,2020-06-04,2023-01-04
763,7.58,2.71,5.145,763,2024-04-07,2023-12-14
764,8.16,,4.08,764,2021-07-16,2021-10-30
765,4.89,8.9,6.895,765,2024-01-10,2022-05-27
766,2.12,5.33,3.725,766,2021-05-19,2023-01-04
767,0.79,,,767,2023-07-23,2024-03-06
768,7.92,8.25,,768,2021-11-05,2023-12-03
769,9.24,2.74,5.99,769,2021-06-16,2021-06-20
770,5.87,7.96,6.915,770,2020-05-04,2020-03-24
771,3.2,5.51,,771,2021-11-11,2022-06-23
772,8.82,,4.41,772,2021-03-26,2023-03-18
773,0.5,6.08,,773,2020-07-07,2023-12-21
774,8.43,,4.215,774,2021-08-01,2021-02-25
775,6.98,8.12,7.55,775,2022-06-02,2020-10-26
776,2.25,8.31,5.28,776,2023-12-21,2022-11-15
777,3.8,3.63,,777,2020-08-09,2021-06-17
778,,5.93,,778,2024-09-07,2021-06-23
779,,0.63,0.315,779,2021-06-23,2020-07-18
780,0.73,5.44,3.085,780,2021-05-11,2021-03-07
781,,3.46,,781,2024-04-19,2023-08-01
782,1.21,5.6,3.405,782,2020-10-23,2020-06-08
783,,,,783,2021-02-11,2022-09-08
784,,2.43,,784,2022-10-28,2020-07-16
785,,7.03,,785,2024-08-20,2021-03-16
786,9.56,2.99,,786,2024-03-02,2023-03-08
787,0.27,3.07,1.67,787,2020-04-13,2021-02-11
788,1.21,,,788,2023-01-21,2023-10-17
789,6.15,5.11,5.63,789,2022-10-11,2021-09-11
790,3.23,,,790,2023-04-24,2021-07-14
791,8.57,,,791,2023-09-19,2021-01-12
792,9.5,4.04,,792,2023-02-11,2021-05-15
793,,,0,793,2023-08-22,2021-10-26
794,9.72,,4.86,794,2021-07-15,2023-12-22
795,3.57,9.7,,795,2020-12-29,2020-12-04
796,2.78,9.85,6.315,796,2021-01-09,2021-08-06
797,1.21,1.22,1.215,797,2021-05-05,2023-12-22
798,,8.51,4.255,798,2024-11-08,2020-09-01
799,,3.13,1.565,799,2023-07-26,2022-10-04
800,4.38,5.65,,800,2024-09-21,2022-12-23
801,,3.21,,801,2021-04-23,2024-02-12
802,1.77,0.11,0.94,802,2021-10-27,2021-11-09
803,2.28,2.22,,803,2022-01-18,2024-03-02
804,2.59,8.69,5.64,804,2021-08-16,2024-02-23
805,,1.63,0.815,805,2021-05-14,2021-11-01
806,,4.26,,806,2024-05-15,2024-07-25
807,4.94,,2.47,807,2023-07-04,2022-04-06
808,,,,808,2021-06-14,2023-06-06
809,,2.34,,809,2024-06-20,2024-07-30
810,,2.25,1.125,810,2020-08-08,2021-06-30
811,5.79,7.82,6.805,811,2021-07-30,2020-08-17
812,9.84,,,812,2022-09-01,2023-05-28
813,,1.27,0.635,813,2021-03-08,2022-04-13
814,9.56,8.86,9.21,814,2024-05-07,2020-06-24
815,6.92,3.92,,815,2024-09-24,2024-06-10
816,,2.36,,816,2022-09-18,2022-04-01
817,,2.31,,817,2023-04-27,2022-12-01
818,1.32,4.6,2.96,818,2024-06-06,2024-02-27
819,4.58,,2.29,819,2020-06-24,2021-01-20
820,,2.24,1.12,820,2021-02-22,2022-03-28
821,9.18,1.67,5.425,821,2022-03-14,2023-01-31
822,2.4,8.64,,822,2023-08-09,2023-09-28
823,7.43,5.01,,823,2021-12-14,2020-07-18
824,,0.92,0.46,824,2020-11-20,2022-10-23
825,0.14,0.76,,825,2020-04-01,2021-06-18
826,7.84,1.13,,826,2022-05-28,2022-03-29
827,,3.62,1.81,827,2021-08-17,2020-12-28
828,,1.11,,828,2023-03-03,2020-08-04
829,4.87,5.91,5.39,829,2023-11-26,2022-10-19
830,,,,830,2022-04-30,2020-03-23
831,3.71,8.4,6.055,831,2023-09-20,2020-02-20
832,3.48,2.78,,832,2020-10-11,2024-07-23
833,,,0,833,2023-09-15,2022-11-24
834,6.4,5.21,,834,2022-11-12,2023-07-11
835,,0.58,,835,2023-09-24,2020-03-10
836,3.47,3.78,3.625,836,2024-08-07,2022-05-25
837,9.01,4.72,6.865,837,2022-10-15,2022-04-16
838,0.36,5.68,3.02,838,2023-07-12,2021-01-07
839,3.21,3.02,,839,2022-05-10,2024-09-22
840,3.28,,,840,2023-12-04,2024-01-08
841,5.24,8.9,7.07,841,2020-10-02,2024-05-05
842,7.66,8.01,,842,2023-09-16,2022-12-23
843,6.39,6.28,,843,2023-06-16,2022-10-05
844,4.77,,,844,2024-06-28,2022-06-03
845,0.06,3.33,1.695,845,2021-05-21,2022-01-11
846,,2.58,1.29,846,2020-06-13,2020-05-01
847,,2.21,1.105,847,2020-01-11,2021-05-23
848,,,0,848,2021-02-17,2024-02-22
849,9.63,0.08,4.855,849,2021-07-28,2022-04-21
850,,7.11,3.555,850,2020-03-31,2023-10-20
851,3.56,,,851,2022-07-06,2023-01-06
852,,,0,852,2023-05-24,2022-12-13
853,,5.59,,853,2022-07-31,2020-11-11
854,5.2,4.3,4.75,854,2022-07-02,2023-06-05
855,1.09,9.99,5.54,855,2024-04-08,2020-08-30
856,1.37,4.15,2.76,856,2020-03-08,2022-09-26
857,,2.32,1.16,857,2021-02-26,2022-05-01
858,,7.52,3.76,858,2022-08-05,2024-05-03
859,9.56,,,859,2023-11-19,2020-12-02
860,3.8,0.08,1.94,860,2024-05-21,2021-11-22
861,0.95,7.7,4.325,861,2024-06-20,2022-01-10
862,8.26,,,862,2023-04-20,2020-07-05
863,,0.99,,863,2024-09-03,2020-11-04
864,,2.57,1.285,864,2021-01-20,2022-06-25
865,7.33,0.49,3.91,865,2021-02-01,2024-07-04
866,,8.03,,866,2021-07-01,2023-11-22
867,4.73,9.75,,867,2021-04-03,2024-05-06
868,6.38,1.6,3.99,868,2021-06-06,2023-04-15
869,,,,869,2021-11-27,2020-05-07
870,,,,870,2022-12-11,2023-01-25
871,6.43,2.41,4.42,871,2020-01-03,2021-01-27
872,2.32,6.04,,872,2023-02-23,2022-09-30
873,9.97,,4.985,873,2023-09-25,2021-04-25
874,3.12,7.48,5.3,874,2020-02-23,2024-02-08
875,7.14,0.26,3.7,875,2023-10-17,2022-05-03
876,,,,876,2022-01-27,2020-04-18
877,6.48,1.79,4.135,877,2021-07-25,2021-02-02
878,4.02,,,878,2023-04-27,2021-11-25
879,0.37,6.64,,879,2020-04-02,2021-05-27
880,6.19,,,880,2023-07-09,2020-10-10
881,6.07,1.75,,881,2024-12-13,2024-10-25
882,,0.16,0.08,882,2020-03-24,2020-12-27
883,5.49,,,883,2024-05-26,2020-09-28
884,7.22,2.45,4.835,884,2024-11-24,2024-08-01
885,6.14,,,885,2021-12-30,2020-12-16
886,2.62,8.66,5.64,886,2021-03-13,2023-06-25
887,2.51,4.21,,887,2020-05-18,2021-12-05
888,2.77,,,888,2021-02-06,2021-08-01
889,9.32,6.04,7.68,889,2021-06-16,2020-04-14
890,,6.75,,890,2020-10-25,2024-04-18
891,4.96,,,891,2023-07-03,2023-05-30
892,1.8,0.6,1.2,892,2020-02-26,2024-08-02
893,3.26,6.31,4.785,893,2022-10-14,2023-03-01
894,6.04,8.56,,894,2023-10-14,2024-05-11
895,3.65,,1.825,895,2022-04-24,2023-10-02
896,9.85,3.45,6.65,896,2022-09-08,2022-04-07
897,,9.42,4.71,897,2023-07-30,2021-04-08
898,,4.06,2.03,898,2021-11-26,2024-12-13
899,,8.15,4.075,899,2023-12-08,2021-10-20
900,,2.49,1.245,900,2021-08-28,2023-11-04
901,5.56,6.27,5.915,901,2024-07-30,2021-09-05
902,,3.85,,902,2020-03-16,2024-01-12
903,3.56,7.7,,903,2024-09-17,2020-04-04
904,,0.44,,904,2023-06-30,2020-12-14
905,7.03,,,905,2022-09-22,2020-06-27
906,,,,906,2020-04-03,2020-10-11
907,7.41,5.93,6.67,907,2023-10-28,2020-07-14
908,,9.88,4.94,908,2023-08-30,2023-05-20
909,,1.88,,909,2024-02-03,2021-11-26
910,3.57,7.74,5.655,910,2022-07-12,2021-12-24
911,7.67,0.44,4.055,911,2024-06-08,2024-10-15
912,1.62,,0.81,912,2024-03-08,2024-07-10
913,5.8,2.53,4.165,913,2022-12-07,2021-05-30
914,,,,914,2022-10-01,2023-10-05
915,2.55,0.37,,915,2024-04-13,2021-08-12
916,2.08,2.33,,916,2023-11-14,2020-11-13
917,5.9,8.9,7.4,917,2022-11-18,2024-04-24
918,,,,918,2023-07-10,2021-05-09
919,5.47,4.8,5.135,919,2021-01-05,2023-10-13
920,,9.42,4.71,920,2021-11-14,2024-09-01
921,4.95,2.1,3.525,921,2022-04-22,2024-04-10
922,,3.99,1.995,922,2024-03-27,2023-04-19
923,1.44,2.74,,923,2024-04-21,2021-04-03
924,5.14,2.95,,924,2024-08-17,2022-04-19
925,,7.07,,925,2022-09-09,2021-10-20
926,,3.38,1.69,926,2022-09-22,2021-04-01
927,0.68,5.39,3.035,927,2022-03-26,2023-09-17
928,2.65,1.82,2.235,928,2022-12-31,2021-04-02
929,,2.01,,929,2021-07-05,2021-08-03
930,5.98,5.96,5.97,930,2024-01-31,2024-12-13
931,4.53,7.71,6.12,931,2021-06-29,2022-09-02
932,2.78,,1.39,932,2023-12-12,2022-10-18
933,8.19,,,933,2022-08-22,2021-09-05
934,9.82,7.16,8.49,934,2021-07-25,2023-06-01
935,,,0,935,2020-10-21,2022-06-19
936,8.61,8.63,,936,2023-06-24,2021-06-16
937,,7.11,,937,2023-04-06,2023-10-29
938,,0.82,0.41,938,2022-03-22,2020-07-25
939,5.63,2.51,4.07,939,2021-06-13,2022-11-08
940,3.07,2.8,2.935,940,2023-10-08,2023-12-09
941,,,,941,2020-08-12,2021-07-28
942,4.0,,2.0,942,2021-10-24,2020-02-26
943,2.86,4.92,,943,2023-03-30,2022-02-16
944,0.47,1.9,,944,2024-12-14,2020-07-14
945,1.13,1.9,,945,2021-01-14,2020-02-10
946,5.21,3.59,4.4,946,2021-07-23,2020-12-20
947,,3.31,1.655,947,2024-06-17,2021-02-28
948,1.75,1.12,1.435,948,2021-06-24,2022-01-05
949,7.55,5.82,,949,2021-04-18,2022-09-14
950,0.51,5.81,3.16,950,2020-08-23,2020-05-04
951,1.63,4.57,3.1,951,2023-11-17,2020-04-02
952,5.16,7.15,6.155,952,2020-03-20,2024-12-22
953,1.61,0.4,1.005,953,2024-03-06,2021-06-16
954,,9.05,4.525,954,2023-05-20,2020-03-23
955,,,0,955,2024-11-01,2024-10-30
956,4.11,8.09,6.1,956,2023-08-08,2022-05-25
957,,2.39,1.195,957,2023-06-16,2021-12-22
958,3.1,6.35,,958,2022-02-23,2024-02-11
959,4.48,7.75,6.115,959,2020-09-16,2021-08-06
960,,0.34,0.17,960,2024-11-19,2021-09-23
961,2.47,,,961,2020-01-15,2023-03-04
962,6.56,,3.28,962,2023-09-06,2021-05-01
963,3.69,4.09,,963,2022-10-07,2020-11-23
964,3.15,,1.575,964,2022-11-06,2021-03-06
965,5.7,1.83,3.765,965,2023-08-18,2024-10-06
966,1.35,5.89,3.62,966,2022-05-30,2024-10-21
967,8.95,,,967,2023-06-18,2020-05-06
968,,,0,968,2023-10-21,2022-01-03
969,9.65,,,969,2021-01-17,2020-09-20
970,,,0,970,2024-06-26,2023-09-12
971,2.56,7.18,,971,2024-07-19,2022-01-07
972,,1.97,0.985,972,2022-01-09,2024-03-24
973,,7.43,3.715,973,2023-06-24,2023-10-04
974,,,0,974,2024-09-20,2020-04-23
975,1.26,7.91,,975,2023-06-19,2024-07-25
976,4.6,9.03,6.815,976,2024-03-31,2021-01-25
977,6.09,,,977,2020-10-21,2021-11-07
978,7.03,9.89,8.46,978,2023-06-03,2020-06-29
979,3.73,8.47,,979,2024-06-05,2022-12-08
980,,,0,980,2021-03-02,2021-01-20
981,9.25,,,981,2023-02-11,2024-07-15
982,4.46,,2.23,982,2023-12-22,2024-02-14
983,9.36,1.85,,983,2020-01-11,2021-09-14
984,,3.82,,984,2021-12-14,2021-01-20
985,5.97,7.56,6.765,985,2021-12-02,2024-02-04
986,7.61,3.82,5.715,986,2023-08-21,2020-09-20
987,,7.07,3.535,987,2022-07-28,2023-08-08
988,,,0,988,2024-02-02,2024-09-24
989,9.48,0.3,4.89,989,2023-10-04,2024-10-25
990,5.34,,,990,2022-06-01,2020-01-17
991,,9.8,,991,2021-06-11,2023-05-20
992,,3.58,,992,2022-03-07,2022-07-22
993,9.22,,,993,2024-02-06,2024-02-04
994,1.24,0.42,,994,2024-01-08,2021-06-11
995,,,0,995,2023-07-24,2020-09-22
996,1.61,4.63,3.12,996,2022-04-17,2023-06-02
997,,4.44,2.22,997,2021-03-16,2021-02-24
998,,0.6,0.3,998,2022-09-04,2022-10-26
999,3.31,,1.655,999,2023-03-30,2022-01-30
1000,,9.81,4.905,1000,2021-09-12,2022-11-22
